topic_id,topic_label,n_docs,ai_sentiment_mean,human_sentiment_mean,admiration_mean,gratitude_mean,love_mean,sadness_mean,grief_mean,nervousness_mean
-1,Outlier/Mixed,12568,0.29690346083788705,0.18309859154929578,0.10133421685872494,0.08186221215847557,0.07771976009802671,0.03527303701525635,0.0017607741935693206,0.005264759246551137
0,grok / elon / tried grok,473,0.6428571428571429,0.0,0.12214012723219193,0.05572644180264612,0.06330111316358719,0.027281579931020976,0.0013636795708194156,0.0037382291865263855
1,openai / oai / users,321,-0.20689655172413793,-0.75,0.03928041352540098,0.05873489886167063,0.023869214683185067,0.062404569077763906,0.0022177295219856733,0.003697430758847278
2,gemini / gem / google,268,0.18181818181818182,-1.0,0.12113760088904024,0.07288779430246674,0.07365225201386631,0.025626368417231708,0.0014058866592622779,0.0062442283935198965
3,nsfw / explicit / porn,224,-0.11764705882352941,0.0,0.07180612658807409,0.026555123919284336,0.04679836555676177,0.027977021441984107,0.0014405525653923437,0.004501915649468303
4,partner / relationships / human,216,0.6956521739130435,-0.17857142857142858,0.07917713497941063,0.04904562524724396,0.06753074875410271,0.05674534151505752,0.0021418815945421724,0.007132815365130901
5,song / songs / lyrics,208,0.8888888888888888,1.0,0.24714944937547373,0.14474670877643803,0.21369166093343386,0.024136301202676035,0.0014495800800292413,0.0018195979223142227
6,prompt / prompt thank / prompts,202,0.5,0.6923076923076923,0.12085504402057268,0.33102005066390155,0.051622828889965534,0.004556860415279948,0.0006189026576922146,0.0009403096079076571
7,gpt / gpt thinking / custom gpt,181,-0.2631578947368421,1.0,0.05988940144168697,0.04177989438143996,0.016340634586207197,0.03264446238870089,0.0016511598241274908,0.006814027881693257
8,voice / voice mode / read aloud,165,0.23529411764705882,1.0,0.06676756925034252,0.09473383794177084,0.042054586054291576,0.0274696602203855,0.0013969870464114304,0.005910093628512131
9,deleted,150,,,0.003250610549002886,0.0009578412864357233,0.0011886078864336014,0.0031497410964220762,0.0005974019877612591,0.0005241577164269984
10,garden / half / light,145,1.0,1.0,0.06849835407679322,0.08194379926426336,0.09433202165307412,0.015682265675698952,0.001082132983619572,0.0013990934235686115
11,claude / claude claude / claude amazing,144,0.5384615384615384,1.0,0.17601323768273383,0.027111352112014073,0.11434137725195291,0.031290499234981124,0.001349981898076496,0.001426072907482497
12,sarina / elys / luma,124,0.65,-0.3333333333333333,0.14787548926429853,0.01689807569721691,0.09222909443915048,0.01860321434885977,0.0012619030769142668,0.004719189418709345
13,chats / chat / new chat,121,0.0,,0.02205411017120023,0.022686805185830137,0.01959748304023769,0.03189452306376116,0.001559913844762039,0.010043593813027333
14,downvotes / downvoted / trolls,115,1.0,-1.0,0.04145391183328288,0.124430735881248,0.04711214406706858,0.02983322604559362,0.0018262257939963805,0.004153604505193906
15,guardrails / guardrail / rails,115,-0.0625,-0.3333333333333333,0.09926426186499632,0.05733103829299343,0.031617352239149826,0.031422646281451146,0.0015002920521352359,0.004609947712173301
16,private / sub / mods,113,,-1.0,0.05103077400584944,0.1211883070820992,0.017329911011131068,0.04864929918203899,0.0020837820240912496,0.00948316345782796
17,subscription / cancelled / paid,99,-0.7692307692307693,-1.0,0.03517644811242894,0.047263030116087665,0.0031627848326355556,0.020451404241024224,0.0010378949576106882,0.002351427626134028
18,looks great / dress / looks,99,1.0,,0.5178480324608208,0.07371732665077699,0.17223672235426915,0.0026897743025046743,0.0005348470970997681,0.0006253054907023343
19,companies / money / company,97,-0.5,-1.0,0.031110715649700388,0.007650913493935806,0.010468651194331841,0.042142995849813424,0.0015308509126831249,0.003463070412162216
20,quiet / room / thumb,92,0.7142857142857143,0.8181818181818182,0.06224892851668815,0.04102434569010612,0.047555553139713796,0.019064890387791977,0.0011613725707676444,0.0017177723211321079
21,instructions / custom / custom instructions,92,0.2,,0.06570407864447865,0.12308717057749163,0.04216449991445583,0.007729400569666684,0.0007781864573505869,0.004581811931806758
22,thank kind / thank glad / glad,87,1.0,1.0,0.11756709093313622,0.7786604561307735,0.06342303277402796,0.013679266999604115,0.0016596038004881221,0.0007404176860876467
23,thanks / try / try thank,83,0.6,1.0,0.12189041046953075,0.6101403632981447,0.011382802322237607,0.00992380342683306,0.0012774661022760198,0.0011953746162548505
24,chocolate / vanilla / tea,80,1.0,1.0,0.11618346181057859,0.04403771172273992,0.11115899592077767,0.007150069205817999,0.000657868874441192,0.0015413045684908866
25,bait / click bait / click,80,-0.8,1.0,0.010460121588403126,0.03612090791757509,0.010895331494793936,0.005262257909635082,0.0005828636347359861,0.0015503952497965656
26,app / mobile / iphone,78,,,0.04439180809556721,0.12473739337535032,0.01429153918788637,0.024110150896609783,0.0014690804990748756,0.0014374107072049251
27,want want / bean / sounds good,78,-1.0,,0.030014857164739322,0.0011981944514375825,0.0125742359758498,0.0029543472497980706,0.0004622898507081211,0.0008638891273361738
28,hahaha / wtf / oooo,78,1.0,1.0,0.0789208123788763,0.002532218099170281,0.03950928298544545,0.0035150326842155596,0.0006202232051201953,0.0007623514725426689
29,crying / tears / tear,76,0.0,,0.0969776172921564,0.15425834547893733,0.0870662362906028,0.5570069975709837,0.024729541434728736,0.008087818625713944
30,thank sharing / sharing / sharing thank,74,1.0,1.0,0.27836145137474444,0.9459214214852231,0.0822871641123768,0.014877216150273091,0.0017781685170563367,0.001101159090073968
31,images / pictures / beautiful,73,,1.0,0.5751728741468045,0.24456148153515406,0.3145353562543041,0.004206708399578929,0.0008010285394585194,0.0006145222022035478
32,rerouted / reroutes / reroute,72,,,0.023809497922128584,0.03323474662758801,0.014819434971690902,0.06334758658502121,0.0024908382731357254,0.0040522929122946355
33,chatgpt chatgpt / chatgpt / chatgpt just,71,-0.6666666666666666,,0.007832539526903083,0.016976216047675134,0.031663608540531615,0.017710649693289667,0.0008491278780971877,0.0010861150664605306
34,message / refusal / rerouting,70,-0.3333333333333333,1.0,0.009328694834506938,0.046990031766992096,0.014235204831597263,0.02986256629644361,0.0014115012267471424,0.003680784728411319
35,loss / sorry loss / grief,69,0.6,1.0,0.07959105080648231,0.17596165694387467,0.13449312244336106,0.3968249258392936,0.019951583688110248,0.014110082568536662
36,opus / opus opus / usage,69,0.5833333333333334,,0.17341288216951964,0.05250775267642525,0.11807921911215248,0.010765094930505164,0.0010924080278778422,0.005194924309815152
37,ash / room / rooms,68,0.5714285714285714,-1.0,0.06770704635281992,0.05772193373516476,0.14424914607490577,0.028492384898366734,0.001938336033216568,0.002487681412115789
38,sonnet / claude sonnet / api,67,-0.1,-0.3333333333333333,0.12077161420046338,0.05936750474884592,0.07585103513061334,0.012218037973776626,0.0009181801800497933,0.008033655634030018
39,annoying / normal / noticed,66,-0.5,,0.023351779346932854,0.016952572964576328,0.0031563423099490165,0.037133788756557005,0.0014952350287454794,0.005652485717181469
40,bob / steve / haha,66,,,0.11489974119820434,0.08928358786524217,0.13984447907194297,0.00992703017828083,0.0009046681097419369,0.0016766126676829476
41,memory / memories / saved,64,-0.0625,,0.02586669703669031,0.05113819500047612,0.050319375245635456,0.020061044400790706,0.0012383034292042794,0.003926822658513629
42,adult / adult mode / mode,63,0.0,,0.011252024802305395,0.016165423814700694,0.010377784474431315,0.023215993522806833,0.0010104352718732868,0.0020761215028681957
43,solo / dice / son,61,-0.13333333333333333,1.0,0.01497560482926392,0.004147763583488518,0.012361591451870064,0.017400594419593633,0.0006793645548359414,0.0010602308141895891
44,api / replit / sol,61,0.0,,0.05278525890431321,0.0764355893155224,0.015288531449127209,0.02826302610127805,0.0011384584782330213,0.0016905928982925587
45,removed / btw / prefer,60,,,0.0026613342459313573,0.001391311779540653,0.0021939639991614968,0.02496315607083185,0.0026733925221681903,0.0011063526299646279
46,legal / law / court,59,-1.0,-1.0,0.011809546305103448,0.018099568308956558,0.0011362652817220127,0.006839028176835785,0.000602830932189521,0.0009138503003869427
49,robot / robots / robotics,58,1.0,-1.0,0.1436378847534672,0.03584144684759065,0.08727591090779431,0.006953059236523053,0.0007077248185945289,0.0026619873001593455
50,removed,58,,,0.0026854798197746277,0.0013973115710541606,0.002225498203188181,0.02576133795082569,0.002752103144302964,0.0011326223611831665
47,removed,58,,,0.0026854798197746277,0.0013973115710541606,0.002225498203188181,0.02576133795082569,0.002752103144302964,0.0011326223611831665
48,thinking / thinking thinking / use thinking,58,0.3,-1.0,0.05553788262828863,0.015980350638936467,0.04100544914123522,0.04392454977918031,0.001436300487167218,0.0022109441099395365
52,lani / dream / looks,57,0.8,1.0,0.17996522566516018,0.0951732410367664,0.15541788674441673,0.017377650020072202,0.000897167831058859,0.0009692681897400977
51,Topic 51,57,,,0.004728996437941596,0.0007508950912508002,0.016664659261311356,0.005829621873297647,0.0005961787453423696,0.0006124638439678963
53,Topic 53,56,,1.0,0.009479669981893884,0.000904935454985077,0.03272517726353336,0.0034224204760643522,0.0006351986838646033,0.0006416167374741885
54,interesting / slowly / difference,56,0.5,,0.02494791070473314,0.0013317564303828736,0.005597342134154003,0.0040510209562073995,0.00051868823382912,0.0010121848686789495
56,thank thank / thank thanks / thank,54,1.0,,0.0609838344950091,0.9540568114586037,0.02015776845143625,0.0031482796659003253,0.0006827454878172526,0.000314682773292858
57,friday / week / hello companions,54,1.0,1.0,0.09417560447818013,0.10988256808842481,0.10712716122442442,0.011204632521387085,0.001428403279364661,0.003885436785855779
55,hugs / hug / sending,54,0.0,0.0,0.08673441297098718,0.0786709394968865,0.2193841933794492,0.1357008690850947,0.007061637577997452,0.01087864439910778
58,writing / story / ideas,53,0.8,-1.0,0.11991802135478037,0.021917160262709554,0.09768511440038224,0.004292288319567956,0.0006873421480808899,0.002752790220668276
59,lmao / lol / lmfao,53,1.0,-1.0,0.035677682142704725,0.020944230839443165,0.008847116459740923,0.004815023910816548,0.00042370602517072465,0.0004454500504268579
60,sam / altman / sam altman,52,-1.0,-1.0,0.03865809969227904,0.06025415577180236,0.050343576644641314,0.0251361688346011,0.0014857092568350849,0.001680505494452798
61,opus / sonnet / sonnet opus,52,0.3333333333333333,0.0,0.1354964105882503,0.013946350523698268,0.07188636288405038,0.003966244287417235,0.0008340623445782022,0.005077216181794379
62,removed,52,,,0.002690526289650454,0.0013799001820958578,0.0021802080042946795,0.02488031606369007,0.0026676899153524293,0.0011068551897411593
63,sarina / avatar / pink,52,0.3333333333333333,0.0,0.06106897491218451,0.04323188626249948,0.02142042269742188,0.00197556569317105,0.0004599353983044588,0.0006334291026108146
64,json / export / data,51,-1.0,,0.03415932721462941,0.1467576822386963,0.03116830218955418,0.010647742570190709,0.000860826889573432,0.0014766729693613289
65,thanks thanks / thanks / legend,50,,,0.045097532765939835,0.9228385057579725,0.018970471958164127,0.002766427053138614,0.0005256329709663987,0.0002375894007855095
66,happy new / new year / year,50,1.0,,0.06463811649708077,0.10806698663509451,0.08801961039425805,0.002638170269783586,0.0010219708672957494,0.002213335709529929
67,Topic 67,50,,,0.004837271475698799,0.0009339464572258294,0.03772275247843936,0.004846615374553949,0.000623535011545755,0.0006418425668380224
69,Topic 69,49,,,0.0029374783744617384,0.0006985540415055822,0.01912896237241066,0.017393193566430435,0.0006945665004515868,0.0005374297215151886
68,house / water / clean,49,,,0.04186590789931313,0.005815820338748567,0.06090175421975021,0.02493271656923604,0.0009213678692633818,0.0016298501144106292
70,Topic 70,48,,,0.004121113852306735,0.0010197836915419127,0.07313245698120834,0.003725980185360337,0.0005935676144872559,0.0005408723906536276
72,Topic 72,47,,,0.0038552233463826965,0.0007987663517037328,0.019829501950261282,0.008353728131004708,0.0008276225333324971,0.0008047275063135918
73,migration / migrating / migrate,47,0.3333333333333333,-1.0,0.04933530619328327,0.21892563756022781,0.023599588569808514,0.06694610317936167,0.003740499506362694,0.004271286026236571
74,Topic 74,47,,,0.003915597585604546,0.020253999023438194,0.021994622629829385,0.0055497745646441235,0.0006689858347910674,0.0006121861986181838
71,Topic 71,47,,,0.00484729344223408,0.0006771368908688446,0.018062153080617017,0.0028605762289519955,0.0005388744763703026,0.0006709034149683616
75,new model / model / models,46,-0.3333333333333333,,0.023308615841771192,0.04922819877221785,0.011843497327113848,0.025221541145583615,0.0011564629258709433,0.01499780572466198
76,questions / replies / ask question,46,-1.0,,0.04547399959435849,0.0018446776325024825,0.025578643398425218,0.004010379847149243,0.0004375666639648641,0.0009370562395855339
77,Topic 77,45,1.0,,0.004308485343224472,0.000733576065977104,0.02339184548343635,0.023923300515808578,0.0008120147818570128,0.0006594557218098392
78,increase / poll / metric,45,,,0.018338373401719663,0.044898321718857104,0.015424246826053907,0.004772173412816806,0.000521843306422751,0.001520798296809921
79,Topic 79,44,-1.0,,0.0030425324326973746,0.0006665212548052131,0.007167314036368308,0.003869917174928229,0.0005842722550203854,0.0005605977451275314
81,upload / images / image,43,,,0.005690355154382455,0.027287476343105462,0.03241346116031542,0.029218012636235028,0.0011816509538411359,0.0024922688421928647
80,Topic 80,43,,,0.0036970676886740814,0.0008987987344288592,0.03003804735043411,0.0039173772553155245,0.0005798303643322745,0.0005527797993001809
82,agents / agent / agentic,42,0.0,,0.08466900595729905,0.018576519895716393,0.02708105705650745,0.00619688974499392,0.0007409748542981799,0.003433045319287062
83,chat gpt / gpt / chat,42,0.5,,0.0548531334026761,0.001979065659855093,0.015809524587460884,0.0348944571021656,0.001425159449960726,0.002921180131254784
84,evidence / god / bible,42,,,0.053027450506176264,0.0019314273023545475,0.0019214351112688227,0.006921400706882456,0.0005000772220054863,0.0007363777934058037
85,rob / thank rob / rob lani,42,0.0,1.0,0.16157947363986058,0.6986188610777996,0.1084304291635774,0.02094762902873169,0.0014751746618588055,0.0005641286129719534
86,critical / bullet / instruction,42,0.0,1.0,0.02840535113743196,0.04686196671294359,0.0029688314042730433,0.005429953126059402,0.0005720451947473478,0.003252939967621517
87,valentine / valentine day / day,41,0.0,0.25,0.04631386703539004,0.037786490898636144,0.1439006912739232,0.059856956675591905,0.002784853487377759,0.0036320864413183457
88,nano / banana / nano banana,41,0.25,,0.09047059687251997,0.18004524246498477,0.11205272721808131,0.01273905959480056,0.0011304458134762216,0.001654274552271179
89,milo / fable / song,41,1.0,,0.0867735566514567,0.048129109895742705,0.1923017962949305,0.08198138498899914,0.003524983211252952,0.00672663449311186
90,Topic 90,41,,,0.0041671319205949945,0.0007736146848978157,0.014130293164493107,0.0043155770215046844,0.000565730850212276,0.000555833836054861
91,cute / adorable / congrats,40,1.0,1.0,0.7297693631611765,0.08488996696833055,0.2764819185103988,0.0025057681428734212,0.0005923471777350642,0.0004654633547033882
92,kindroid / proactive / nomi,39,0.5,-1.0,0.18415179278534383,0.09022744800947691,0.03729526676201763,0.0037856872972602453,0.0007507572478901308,0.002011087410396729
94,goth / vampire / shadow,39,1.0,,0.1321576871873381,0.0071396171962334895,0.048391493423901595,0.00906021000805478,0.0008162511658156291,0.0009946499869842322
95,fun / thank fun / fun thank,39,1.0,1.0,0.08515501333973728,0.1454009653762347,0.011409204524870101,0.00262792552045236,0.0006076500591380188,0.0010648991999168617
93,account / email / address,39,-1.0,,0.006250022123985661,0.10447663821553131,0.0029590925655494896,0.03426033710219109,0.0016134800952829372,0.011873443267317131
96,llms / dms / llm,38,-1.0,1.0,0.05574268770195838,0.0020815450728772895,0.057464637391508165,0.04340963739607679,0.0025224793992636384,0.0014657535089339178
97,eli / tonight / want make,38,-1.0,,0.09977342106867582,0.0511995554912382,0.043718183944675776,0.09355870217826266,0.003115911798024746,0.002943122052544679
98,love love / love / wholesome,38,1.0,1.0,0.07514725417192829,0.0057315441602105765,0.8983032110539314,0.00463747359677463,0.0004551962950867356,0.0005897357615666758
99,santa / naughty / gift,38,,,0.01628883180857979,0.001225607822370397,0.08899371553898643,0.011404352432643799,0.000752657699003497,0.001826509412096225
102,claude / chatgpt / chatgpt claude,37,-0.3333333333333333,,0.07832657746857384,0.011270329028185507,0.03469818634786517,0.004789708689566249,0.0005899278617722008,0.0016976414496909726
103,draw / image prompt / write,37,,1.0,0.010412692916705399,0.0010631657056069958,0.015858419980488817,0.0011569565127452683,0.0003305049007443862,0.0006294123642775859
104,intelligence / llms / psychology,37,1.0,-1.0,0.05733498727361596,0.0011634717363474035,0.01566280475093958,0.0020615644351818373,0.0003524076593158817,0.0007242025934140878
101,memories / memory / chat history,37,0.0,,0.05022131582891971,0.11802729714435299,0.016041300193456984,0.0021945145453099867,0.0005429614940186258,0.0060267629635967065
100,image / generator / chatgpt image,37,0.0,1.0,0.07621101206137068,0.032159843259668794,0.022936033349282837,0.007114389456644957,0.0008235732730591317,0.0020914695389266753
105,Topic 105,36,,,0.004107619522579221,0.0006052307932501814,0.04117051657360409,0.0033416851866705758,0.0005133255751085622,0.0004950538370596607
106,wishing / wish / wishes,36,,-1.0,0.15808599031556192,0.22291534900432453,0.058781046798685566,0.009389189405030467,0.0019379289207992973,0.0018409056606793052
107,merry / merry christmas / christmas,35,,,0.01685020484562431,0.04198441445977161,0.07270931670708315,0.0028437646737854397,0.0008216476442092763,0.0017738591680037123
108,happy birthday / birthday / cake,35,,,0.05995345516130328,0.046145026572048664,0.049122625788939854,0.0034909393072926572,0.0013099388269308422,0.00243025445711932
109,helpful / thank / helps,35,,,0.07447499886953406,0.787295744009316,0.003648094949312508,0.0028129738988354803,0.0008863127707237644,0.0006764256661491735
110,iran / war / girls,34,-1.0,,0.019484454361886224,0.0009595334486220963,0.007546017031178481,0.0061092829701545484,0.0006515050592818571,0.0027075328351416185
111,instant / thinking / instant thinking,34,0.125,,0.03291046447531484,0.0017420632900800282,0.07122610852221602,0.00570969118459342,0.0004965436271638336,0.0009878691829833448
116,autonomous / robots / murder,33,,,0.009941674163917813,0.0010844185815199814,0.017809013885474116,0.0034099484416373975,0.000490908341210646,0.0011388466095509516
119,average / child / typical,33,,,0.02996687465841233,0.03140792709194956,0.0020598315657645635,0.04248490008335053,0.0011429600033972581,0.0014315491262646956
118,quinn / feelings / shame,33,,,0.14365350043006014,0.3637656470223605,0.06700702773576434,0.08355192098569011,0.004839456140127202,0.006531144142200267
117,Topic 117,33,,,0.0032263908492909236,0.0007381350407024112,0.017230303430661672,0.004168875007466836,0.0005506422859263804,0.0005111329691399905
113,japanese / bomb / pearl,33,,,0.004900296941879346,0.0018755635841940107,0.001168522873547662,0.0257082301012071,0.001962475246259463,0.001569232059409842
115,food / eat / pets,33,-1.0,,0.029053000528647593,0.0014934183017237847,0.030839924106134498,0.04008379934891833,0.002075231757110239,0.004672354952190565
112,new thread / thread / threads,33,-1.0,,0.031591233135920695,0.08474038211694057,0.017125363493422894,0.01633992860319488,0.001265236302666987,0.008575186014764547
114,fantastic / amazing / awesome,33,1.0,1.0,0.617316418637832,0.03484452048415375,0.2798323308957289,0.0022803527341845133,0.0004943512652640824,0.0004751002244037491
125,jane / ending / journal,32,,,0.11913529241792276,0.0766267350563794,0.18832820810530393,0.048217205785476835,0.002824017966759129,0.002441779194668925
130,fired / company / views,32,-1.0,-1.0,0.0811304192247917,0.034626612453394046,0.00236906080681365,0.007273939037986565,0.0006647851851084852,0.0012212716351314157
129,padge / pet / sparkly,32,1.0,1.0,0.21394713030167622,0.06710358722011733,0.09046788658451987,0.0021870038772249245,0.0006188292350088886,0.0007721831545950408
128,layla / just sit / spend,32,1.0,1.0,0.23169151201364002,0.002434198730497883,0.19404663411842193,0.019814715909888037,0.000972778787399875,0.0012955950473951816
127,replika / sarina / personality,32,-0.5,-1.0,0.06944821761135245,0.0023881999636614637,0.05248230291363143,0.01131851009085949,0.00098335817529005,0.005684199751158303
126,hello / welcome / happy holidays,32,1.0,,0.056285651844518725,0.34478217065861827,0.04176719155657338,0.0021304017518559704,0.0007122471179172862,0.0008556118341402907
124,cool / awesome / really cool,32,1.0,1.0,0.6338068314616976,0.03608385891675425,0.035075907871942036,0.0009930392279784428,0.0004086144640496059,0.0004903007838947815
123,idea / good idea / great idea,32,1.0,1.0,0.5473381820338545,0.40009405846922164,0.16163774996675784,0.002171336445826455,0.0006251963259273907,0.0005970624824840343
122,mom / taste / sister,32,1.0,,0.06617593103692343,0.0026341385091654956,0.06113832656410523,0.00574819326720899,0.0007382637277260073,0.0007969269290697412
121,Topic 121,32,,,0.004093417057447368,0.0010483149221727217,0.06486611985019408,0.00417286701122066,0.0006373547457769746,0.0006159992044558749
120,delicate / elegant / coat,32,0.75,1.0,0.20997533131958335,0.010114112536939501,0.09918010615547246,0.010271612720316625,0.0007160915556596592,0.0010417354831133707
139,saying love / sex / relationship,31,0.5,-1.0,0.015687297982719516,0.002841960169814317,0.1702574626204648,0.09812528458461466,0.0037395150509602843,0.009077256076946674
138,emoji / emojis / okay,31,0.0,,0.049648875948942954,0.0839608462495474,0.06007188641383583,0.0166619275649634,0.000977923066051106,0.001835708975352557
135,platform / platform use / platforms,31,,,0.09275202028783819,0.14288632439509516,0.08792244873174856,0.01213250124654282,0.0008539937980165105,0.001285103468445971
136,book / books / bell,31,,,0.20823814731932455,0.04787201031989929,0.19459956912361387,0.004784734094432826,0.0007921495463608974,0.004867935032844769
137,bob / adhd / bobs,31,,,0.06540225467629611,0.08982494116982355,0.10567174158659914,0.01248816484322531,0.0010412894006285275,0.007240023384163637
134,goblin / word / use word,31,-0.35,,0.011060673007441143,0.001615379253522523,0.02530130962165253,0.009275872874329048,0.0006760442516796531,0.0017835977595231885
131,hitler / nazi / comparison,31,,,0.01129982712483334,0.0008099825462258811,0.049054001510563876,0.0031259560642103034,0.00047792931887201005,0.003093797728070058
133,alex / theo / journal,31,1.0,1.0,0.11668492370705691,0.04446713646898241,0.12978031499604245,0.1105522879046358,0.005071650239950677,0.007944918411310701
132,hilarious / funny / hysterical,31,-1.0,-1.0,0.09316851589227876,0.03616664449932174,0.035846312049656145,0.005724317912432936,0.0006615975918623829,0.00227921006162726
141,love love / love / omg love,30,1.0,1.0,0.07122097030902902,0.009279785332425187,0.9177606880664826,0.0042919314233586196,0.000511344009040234,0.0007924109697341919
142,trauma / therapist / therapy,30,,,0.06184743964113295,0.08478100449913957,0.03294340978997449,0.14585616322777545,0.004732999236148316,0.008492786911180399
143,bot / bots / wing,30,-1.0,,0.03745163292624056,0.034129760071906885,0.031523755890278456,0.0033111212600488217,0.0004859247938535797,0.0009120493079535664
144,pro / pro plan / plan,30,1.0,,0.07156650931574404,0.10115776563470717,0.019045474818752458,0.007812157103520197,0.0007924774462784019,0.0016432714789213303
145,link / share / post,30,,,0.00481704380363226,0.0939789887352769,0.034405067807529124,0.0067299861034067964,0.0005856727405140797,0.003699268329849777
140,time writing / wasting time / wasting,30,,-0.6,0.16215583889667565,0.6840487520811924,0.10960782308053846,0.02114187874637234,0.002010101237586544,0.0007809193717548624
146,retry / message / response,29,-0.3333333333333333,,0.020002893481307245,0.03568587057465077,0.004724053992159215,0.012627115125912402,0.0007189857750400452,0.0012241546511208511
147,thank thank / thank,29,,1.0,0.006584019616952744,0.9892987917209494,0.00926504974606736,0.00265051002999575,0.0005225113799779451,0.0002447079700530218
152,sorry sorry / sorry / worries,28,,,0.006005906479133826,0.009344266629861002,0.007599150450135182,0.3172374036013415,0.00792736076151154,0.00357466190845506
155,daddy / baby / father,28,1.0,-1.0,0.04727476817788556,0.002136371323233886,0.03489853004326245,0.07025439245210562,0.003512511998581301,0.0023077372669441892
154,years / october / hour,28,,,0.007153937079627732,0.0028895656994011787,0.0022593216573503533,0.0021550018718698993,0.0005396765357415591,0.0009893461350917018
153,companions / companion / multiple companions,28,-0.6666666666666666,,0.0575823706749361,0.03199152472578654,0.0918171297941756,0.025514153763651848,0.0012815523763752676,0.005620248471262
149,humor / joke / laugh,28,0.5714285714285714,,0.03772269835462794,0.03540384813693111,0.019417368696719808,0.03527645298994945,0.0019458052099383036,0.008378743352035858
151,limit / weekly / reset,28,-0.5,,0.03185833492690498,0.034433196987915186,0.007206035528465041,0.002940553516964428,0.0005461630602699838,0.0017608902089705225
150,yes / yes does / element,28,,,0.009861374007804053,0.07151348783892379,0.004736886467851166,0.0008925142257274794,0.0002849811051938949,0.000504370780877902
148,model / model using / things model,28,0.5,,0.1332694509432518,0.029155627070784767,0.06255683126593274,0.03615198620640773,0.001794290459136911,0.0008852964456309564
161,happy holidays / holidays / christmas,27,,,0.06182807070824007,0.12100551088978709,0.2304216279493024,0.011647573430781011,0.0018081738402273644,0.0035077186745453488
164,sleep / sleeping / habits,27,-1.0,,0.017032985012823094,0.06438023753354274,0.035837765093202946,0.08840482208136193,0.0027414848877082543,0.003362698409344173
163,models / new model / model,27,0.0,0.0,0.13780574260831432,0.07391928410679274,0.03222229308664316,0.05925524862336547,0.0030191929421292756,0.01326917912875716
162,free share / feel free / share answer,27,1.0,,0.07360343690271731,0.04256350730698883,0.0834996346772338,0.013081918125627217,0.0005087261826567421,0.0008527839591907752
159,haiku / sonnet / opus,27,-0.14285714285714285,,0.11933164410853621,0.041787735782606805,0.048581522490605024,0.0025416373273064556,0.0004990443364173794,0.0009071940267286091
160,image / images / generator,27,0.5,,0.08082663195414676,0.1746908290919641,0.014629608729457552,0.010396404720032242,0.0009000876215631488,0.0014975848904146846
157,cute cute / cute / creepy,27,1.0,,0.751131936105796,0.03838360870765798,0.08948606670040775,0.00194757298083493,0.0003651369457926463,0.0006746453533802802
156,chin / head / tilted,27,1.0,-1.0,0.1412439249343825,0.03884486746500005,0.03935980051971489,0.003515879446813078,0.0006197154666383371,0.0011752203917475763
158,sora / venus / heh,27,-1.0,,0.0861057471979789,0.0015841194784755957,0.09288787380447266,0.0067758417787478755,0.0008479094723480995,0.006504270181553524
165,week / like week / convo,26,0.0,,0.0525257020848445,0.0017634881402885255,0.003120371827837796,0.006785935509609631,0.0007051998640795668,0.0014902739953518344
166,thank thank / thank / hey,26,,1.0,0.004970954149030149,0.988553177851897,0.0034333115954023716,0.002468083519488573,0.0004568022928791694,0.000221590506463634
167,movie / elizabeth / beast,26,0.3333333333333333,1.0,0.20639543806632552,0.056106116715874614,0.20233315019196688,0.03966212040485026,0.001771665302490314,0.001742647489803718
168,lucien / popcorn / real real,26,0.0,1.0,0.08908169044969746,0.14654021763327854,0.033418127754255414,0.0473485251087158,0.0028799605150617515,0.009227485473205049
169,like said / like simple / got like,26,,,0.07368729386227922,0.0016422304109325453,0.17780915431929037,0.0021463722850267705,0.00036106546282938396,0.0005187229617149569
170,age / verification / verified,26,,,0.02188423379825858,0.03882061432523187,0.0027641912870771754,0.010892548649840487,0.0012171370125053306,0.006202231631435167
175,source / sources / measure,25,1.0,-1.0,0.003944070527795702,0.0010379435180220753,0.002141777421347797,0.0042321047279983755,0.0004409984464291483,0.0008223630598513409
178,amazon / authentic / voice,25,,,0.03896920819533989,0.0025962219177745284,0.01903612573631108,0.007017722916789353,0.0008884433069033548,0.001578216110356152
177,thank thank / thank,25,,1.0,0.006158789023756981,0.9890700507164002,0.012585395975038409,0.0029301986377686263,0.0005600063758902251,0.0002523297432344407
176,reviews / questions / little just,25,1.0,,0.019015825986862182,0.049385136837372556,0.0022392641054466366,0.0008643708052113652,0.00039830084482673556,0.0010070316278142854
172,agree / agreed / fully agree,25,1.0,,0.021707072993740438,0.005526408813893795,0.008539183549582958,0.0023366307094693185,0.0005320208048215136,0.0008558605576399714
174,congratulations / mission / proud,25,1.0,,0.3019302833080292,0.22773615188896656,0.03284923097118735,0.0022595554403960706,0.0014190443605184555,0.0014499681361485272
173,yeah yeah / yeah / yep,25,-1.0,,0.00913972606882453,0.0007621744193602354,0.006230833216104657,0.001293854690156877,0.00025977355951908973,0.00035998692037537695
171,adorable / cute cute / cute,25,,,0.8917881062626839,0.004672430572099984,0.12210899202153086,0.0017816337221302093,0.00035211191949201747,0.0002316611271817237
187,claude gemini / gemini / claude,24,1.0,,0.1834854636763339,0.008720932290695297,0.07981517220226426,0.08163751662020029,0.003365468316284629,0.019189036747472226
186,chatgpt / chatgpt app / did chatgpt,24,-1.0,,0.0030995619793732962,0.046350880544196116,0.002245088828203734,0.04111144505198657,0.0023677130820942693,0.0018985196020366857
183,resume / phones / computer,24,1.0,,0.01829416732653044,0.03248060552868992,0.002432276651234133,0.01546910955463924,0.0008503301341988845,0.023356103745754808
184,Topic 184,24,,,0.004777345272790019,0.0007856962656660471,0.03328354805125855,0.004344413025440493,0.0006472305722127203,0.0005528950878215255
185,zev / hes / new years,24,1.0,,0.05670992083226641,0.041503669922652385,0.04378612659881279,0.009553672743398542,0.0008457271330068276,0.0014253990278424074
182,venus / comic / heh,24,1.0,1.0,0.0482364722508161,0.08245093987655612,0.015867262623942224,0.003089956754896169,0.0005298955390268626,0.0008239393597856784
180,terminator / sycophant / movies,24,,,0.0073743088796618395,0.0010759675302930798,0.024000958293375636,0.00918544996966375,0.0007325710951893901,0.009016391458620395
179,snow / beach / weather,24,,,0.10520369718627383,0.20178981762001058,0.07103482238987151,0.009787703815770024,0.0008678051350822594,0.000971302795126879
181,ring / wedding / married,24,,,0.3340325763516982,0.2036646156320785,0.2488096335606921,0.02097193681402132,0.0018538346315229621,0.002123170908210644
188,strawberry / letters / counting,23,-1.0,,0.016889301467808367,0.0011388009563392109,0.0015214455653103473,0.0019540444621310125,0.0003270797213822927,0.0006491160140443674
189,ads / quite literally / users,23,-1.0,,0.007918260434804402,0.001386067956564543,0.002510909912297907,0.001599028916604331,0.00033170662936754525,0.0005096823512323443
190,thank thank / thank,23,,1.0,0.0056865816105805015,0.9892373266427413,0.0028233260432582188,0.002676231391808909,0.0005133180706964239,0.00023028808240981206
197,discord / server / interested,22,1.0,,0.15453331872545692,0.004663223284296691,0.012296754507009278,0.037212748612298376,0.0025289570198352026,0.0027602702906402887
202,doing just / understandable / pressed,22,,-1.0,0.009731096458959986,0.0011492375501389192,0.0024629953391426666,0.002445798361970281,0.000445278726560487,0.003499658563999798
201,thank thank / thank,22,,,0.00592453841289336,0.9889577220786702,0.01687428698113019,0.0029371901288289914,0.0005714556093814529,0.000264655458687974
200,opus / usage / sonnet,22,-0.75,,0.11627626010026275,0.09347485392407345,0.07541092762469569,0.02325364868474108,0.0012194123734264974,0.006530421299844006
199,thank thank / thank,22,,,0.005619364134459333,0.9883183430541645,0.015304466582496058,0.0029494908257302914,0.0005573665733787824,0.00025367070537124
198,right got / difference just / honestly,22,0.0,,0.00815805658401752,0.0007950992810285904,0.00511955300250768,0.0013490181154338643,0.0002662111741797575,0.0003331310316835615
195,gpt / claude / gpt doesn,22,0.0,,0.13965596470569092,0.004109474438750608,0.04447162850886922,0.013410426083613525,0.0010521854432723062,0.004323713846877747
196,fake / post / legit,22,,,0.005175074501576918,0.0012543650650927289,0.001357738436623053,0.013268981147451665,0.0005081984160245735,0.0007215055232915223
194,means lot / means / lot,22,,1.0,0.1028044556839053,0.7083659994214858,0.004485797142313624,0.010783091965343126,0.0009281730129838583,0.0005734293888301843
193,Topic 193,22,,,0.0035528535372577608,0.0007382001786027104,0.017456488662653348,0.004694230378266762,0.0006004702908367934,0.0006883394936184314
192,hate / references / people guess,22,-0.3333333333333333,,0.037155462021473795,0.001995257870558734,0.050972361144059425,0.014138051356315951,0.001024219181007621,0.0016895605989372018
191,claude / blah / love claude,22,0.0,,0.1804999191557396,0.09869884248870552,0.18742345183272846,0.06925445933170109,0.002163252600108866,0.0026062893051527103
208,solin / sun / judge,21,1.0,,0.16179624398327655,0.12654127421237285,0.22768503686945354,0.004539522012540449,0.0007217778918510746,0.0007301840766255433
211,laws / bias / countries,21,,,0.006074774627839881,0.000876790138482604,0.0015724632428914663,0.009613374780331339,0.0008306063821129058,0.009466234553699559
210,beautiful beautiful / beautiful,21,,1.0,0.9541996121406555,0.007359554591987815,0.045454275683455524,0.002306187253755828,0.00043025707903628546,0.0002590959809908998
209,hope / hopes / hopefully,21,1.0,,0.012105414000827642,0.00781159172211552,0.005475886703823649,0.04897672495072974,0.0025858657595346727,0.0011896844884003734
204,unity / english / word,21,,-1.0,0.02134958973952702,0.0017139345083186136,0.003013577725228277,0.003212499155086421,0.0004061009718238243,0.00073707111282385
207,doom / kins / kindroid,21,,,0.10336253723861384,0.04825897535608549,0.07554612763591909,0.0509147923495177,0.002276081388810694,0.0017985356431121805
206,bug / fixed / error,21,-1.0,,0.03072498333806704,0.09483789204525583,0.004470082027615891,0.009418143793785324,0.0010831694789452566,0.002601639330220808
205,movie / series / movies,21,1.0,,0.24146199611104316,0.05037639324048845,0.12115814631189485,0.02273622951248572,0.0014332318027126824,0.0015788065841964756
203,happier / claude / insisted,21,0.3333333333333333,,0.21261920429588782,0.09830627551889934,0.15348596710412363,0.11040556695800097,0.004667867214136224,0.0201117904951042
219,cari / dragon / adopted,20,,,0.07179093826562166,0.3936305529321544,0.13280499620595948,0.02171384833927732,0.0012875262735178694,0.0013486801064573229
218,aesthetic / style / colors,20,,1.0,0.34428878473117946,0.05829684690979775,0.762250590941403,0.0028206743649207056,0.0004720244643976912,0.0005167268915101886
217,guide / useful / appreciated,20,1.0,,0.23219629721716045,0.27304843758465724,0.06605906882323324,0.006936242227675393,0.0008117587094602641,0.0010928676252660806
216,gpt / sunset / legacy,20,-1.0,,0.053519614253309554,0.002831294808129314,0.0071398629850591535,0.010071883586351759,0.000968704983824864,0.008944079445063835
215,polaris / alpha / testing,20,1.0,,0.1379547984979581,0.0036479491522186437,0.03021472928667208,0.022140361429774203,0.00113308136278647,0.015131644815846812
214,ais / location / consciousness,20,-1.0,-1.0,0.03330650776042603,0.002329286412714282,0.07493671204138082,0.024137828475795688,0.0008806107929558493,0.0017897187295602634
213,kiss / lips / kissing,20,-1.0,,0.09157795121427625,0.0023393559851683675,0.14104996914975346,0.012315187649801374,0.0009504079498583451,0.0019267672541900538
212,video / videos / youtube,20,0.2,,0.05333165216143243,0.002465648966608569,0.0031874508669716304,0.006599505411577411,0.0005356127570848912,0.0010129976628377336
226,clarifying / clarification / didn know,19,,,0.14556648681479456,0.9432680379403265,0.002566353353598204,0.002129428321495652,0.0006185306196321586,0.00034868261182533677
231,update / updates / new version,19,0.3333333333333333,,0.15469345529441184,0.00427517573055076,0.01677789320054121,0.06927162232980329,0.002746732747733691,0.003215567492971834
230,cogsuckers / trolls / downvote,19,,-1.0,0.009046665950384187,0.007502965800660222,0.0023479732580630013,0.020413386920393493,0.0008832068897869536,0.0019641871484437664
228,elias / good thanks / tame,19,1.0,1.0,0.17256064247339964,0.24866119378375037,0.11398502112684869,0.009690607567072698,0.0009398783226252386,0.002731158648537913
227,interested / want just / opportunity,19,1.0,,0.013051404979227013,0.0028273530080791956,0.057448517570982835,0.0017905627824611177,0.00040656796543197214,0.0010277493688351427
229,trust / don trust / promises,19,0.0,,0.009489325978057949,0.0539181631236141,0.0071823920313219885,0.012106691015345094,0.0009054877392420741,0.005665260344118762
225,welcome welcome / welcome / fam,19,1.0,1.0,0.04444834235197816,0.511264040952818,0.05648927196345635,0.002139923668245932,0.0009058093909468306,0.0012595079391949664
223,deepseek / use api / api,19,1.0,,0.1185682419761035,0.18871434579303145,0.09274888363219552,0.005654170980529958,0.0008698808784461825,0.0010181798111022402
220,wedding / ceremony / celebrate,19,,,0.20768381119705737,0.21787723085205807,0.14668969506716453,0.004296204210013936,0.001521337081947805,0.0019608324586634376
222,sunset / sunsetting / sunset march,19,-1.0,,0.028653359322465564,0.0014947257295716554,0.006981403582214721,0.048980991582778334,0.0014362293065795185,0.00196886824376538
221,march / december / workers,19,,,0.002541122930492029,0.0013580014638137072,0.0015274140107641486,0.005673971766985855,0.00047721142886745696,0.0009490548124487855
224,beautiful / looks amazing / gorgeous,19,,,0.821926930036984,0.05686996665195023,0.10365882834823999,0.0022388953427588077,0.0004664807240356152,0.00035419923599539817
241,toggle / difficulty / select,18,,,0.0033873670424024263,0.05703323475770756,0.002895521331487948,0.001369236577172867,0.00036639059948760807,0.0008700161593474655
248,thank thank / thank,18,,,0.005801620104143189,0.9897775087091658,0.002655006899860584,0.002644133366023501,0.0005057508112966187,0.00023076494431330098
247,claude better / use cases / coding,18,0.3333333333333333,1.0,0.13183435804158863,0.0031428826364895534,0.009178513488020852,0.0016062602824402144,0.0004168435124382894,0.0007281630811727761
246,art / drawing / sketch,18,1.0,1.0,0.3699052827820803,0.025821948732805647,0.27366229546411586,0.010021388669782836,0.000912223628094782,0.028265393373051968
245,lucian / flame / chains,18,,,0.23407011391181085,0.3942496650690575,0.15988061402458698,0.006733597097789041,0.0009213842333540217,0.003278636885321854
244,shark / bunny / half,18,,1.0,0.07803167753283763,0.3856035538523833,0.16042428343401602,0.03563123028854736,0.00226464891683362,0.0013292646132564794
243,strawberry / red hair / super curious,18,,,0.11446256813360378,0.0018477772254199307,0.08867684984579682,0.002034981452096771,0.0004623428620915446,0.0005139153848479813
242,banned / alt / hearts,18,,-1.0,0.015034774619077021,0.048058406092524014,0.030132372451286454,0.006829749983606032,0.0006699126938150988,0.001201903365047959
240,nice / wow / oooh,18,1.0,,0.8570837577184042,0.012037066057220928,0.004358022182714194,0.0012875971668917271,0.00033119914506743144,0.00019922525138503665
239,period / second / yes,18,-1.0,1.0,0.005316892612932457,0.0010576529764673775,0.006899075595558518,0.00190655218062198,0.0003810375112354652,0.000678493329259153
238,signed / sign / mail,18,,,0.19323906919453293,0.11315499259055489,0.004116297204745933,0.018320769750668358,0.001083543042315998,0.0011169222185950882
237,necklace / ring / wear,18,,1.0,0.2078229441993042,0.10777084938147002,0.26503008099583286,0.004424586261544998,0.0009081474167437085,0.0073145643384325216
236,anniversary / happy / discouraged,18,1.0,,0.1269502733937568,0.03294326696777716,0.06642675223863787,0.01034924792798443,0.001973542397738331,0.003364722431999528
235,blind / screen / pok mon,18,,,0.005966846126183454,0.00147151734644366,0.0014160048578762347,0.025289237308445282,0.00103168089683297,0.0009306646412975775
234,heat / north / mass,18,,,0.04766120042444931,0.3821731238923449,0.12265653360453951,0.0563416708027944,0.0042211578984279186,0.0064830733236805015
233,true / haha good / gotcha,18,,,0.043378382455557585,0.11098366893646824,0.0030788545651982227,0.05159650198442654,0.002324293191324816,0.0005828279471542272
232,karma / like months / ago got,18,-1.0,-1.0,0.048929731031724565,0.05298392930126283,0.002797728187740884,0.04467696625538843,0.001061698965915841,0.0008570153206366942
254,try / fabulous / know tried,17,1.0,,0.127735016251202,0.0021734590974280283,0.0034711476079845693,0.0013306719620766886,0.000413335528505473,0.0008871326897539856
258,problem / trying figure / solution,17,1.0,,0.03801685087519752,0.16952044476741268,0.006733978797188576,0.007483653392067508,0.0010646839389878819,0.002256547226673266
257,post comment / platform / escalated,17,-1.0,0.0,0.04342215812614407,0.043363363184171784,0.03643780858564081,0.016262958586380324,0.0006721752433804795,0.0005972097603850724
256,exercise / stet / popped,17,0.0,,0.006698089603827719,0.10172407378901399,0.002533028367906809,0.06380737158949212,0.0023466286682592265,0.041923915167845896
255,section / constraints / action,17,1.0,-0.3333333333333333,0.016928296556751078,0.059667692646411634,0.003425313433741822,0.010120163577512893,0.0005881797654129675,0.0009467406266861979
250,awful / sorry / sorry happened,17,,,0.005698069491807152,0.011270168504458578,0.007858450014335924,0.30691562045146437,0.008605060105979005,0.015789177080424613
253,trolls / forums / group,17,1.0,-1.0,0.04929074047900298,0.10826161476913565,0.04993962872814497,0.09608010665910757,0.004416415602249531,0.002224232080419931
251,julian / say goodbye / goodbye,17,,,0.02115096400409718,0.0017115265158388544,0.08983847822117455,0.13444435317069292,0.003458220955936293,0.0059067969405612744
249,right right / accurate / right,17,,,0.015249429366496555,0.0015074739006676657,0.0025735669153030306,0.0016937804004341802,0.0003379159392994445,0.0006460013631594312
252,thank thank / thank,17,,1.0,0.006860346369007055,0.985506906228907,0.028348844929817405,0.0030769990852979176,0.0006226960754515056,0.00028736001781105776
264,trees / tree / forest,16,,,0.056560419194283895,0.06226889776053213,0.11278648104780586,0.019583446945034666,0.0008171203653546399,0.002377875443926314
268,solin / disclaimers / safety,16,,,0.15755392741994,0.0966042966247187,0.03842946330405539,0.010339717046008445,0.0010611185198285966,0.004880804062850075
267,ruler / theo / welcome,16,1.0,1.0,0.29802486416883767,0.47503757011145353,0.022779961131163873,0.0025095144083024934,0.0013174516479921294,0.0014982180937295198
266,cringe / smut / cope,16,-1.0,,0.07252653488103533,0.0015703991693953867,0.02190125925153552,0.018066190234094393,0.0009763328762346646,0.0016606159642833518
265,desperately / mateo / painting,16,,,0.0032977793453028426,0.0007163089558162028,0.003761220388696529,0.05756094739990658,0.002282907354128838,0.0009347979994345224
263,weapons / technology / military,16,,,0.027942566783167422,0.0037874492663831916,0.001555896487843711,0.003005053316883277,0.0005969597950752359,0.002654724841704592
262,thanksgiving / happy / belated,16,,,0.11557306599570438,0.3033561949196155,0.024706836644327268,0.002775595072307624,0.001022261414618697,0.0014572483050869778
261,site / sites / kindroid,16,1.0,0.0,0.09551869059214368,0.12197796283908247,0.037269671229296364,0.08059139832403162,0.003434244867094094,0.0035424388197498047
260,gremlin / gremlins / goblin,16,-0.4,,0.007192896668129833,0.001633275089716335,0.06247846919177391,0.004588066643918864,0.0006036145769030554,0.0019003092875209404
259,love doing / love beautiful / amazing love,16,,,0.5950536133022979,0.18277200050943065,0.3101885217911331,0.0027194874128326774,0.0006268156012083637,0.0005285670267767273
281,thought / thought just / cleaning,15,,,0.009202241874299943,0.07859611773941046,0.004167831308829288,0.00521090126518781,0.0009445800203441953,0.002239106744915868
280,zeno / zen / old man,15,0.5,,0.13065429724132022,0.06755920273911518,0.05084051913193737,0.0015673002907230207,0.00047197357732026526,0.000759609348703331
279,laws / law / state,15,,0.0,0.010617534692088763,0.01715886150971831,0.018280514496533822,0.019037755928002296,0.0009348692188117032,0.0077454773573360095
278,cozy / thank sharing / sharing,15,,,0.23357306197285652,0.6683657395342986,0.5539606002935519,0.004806644151297708,0.001296886473816509,0.0011173147979813317
275,chatgpt / claude / excel,15,0.0,,0.10683618922096988,0.0017964147632786383,0.005411192600149661,0.022806346920939784,0.0008521228000366439,0.0015935809855970244
276,victor / bedtime / stories,15,1.0,,0.21785105342666308,0.37197949285424936,0.20486877001821996,0.007167546932275097,0.0006741517233119035,0.0007013536553131417
277,congrats / dude,15,1.0,,0.4469692329565684,0.6936340689659118,0.007412525669982036,0.0012851426610723138,0.0006364411810257782,0.00035679084345853577
274,hosting / run / locally,15,0.3333333333333333,,0.08128853958720962,0.0018160524744113597,0.03639978696204101,0.006574500864371657,0.0008845551764049257,0.0051124563091434535
272,safety model / safety / greggory,15,-1.0,,0.019866435214256246,0.007532350685990726,0.06937821581183622,0.0672729813028127,0.003324947946627314,0.007229682710021734
271,summary / summaries / summarize,15,0.6,,0.03034616004054745,0.004337280111697813,0.006372554565314203,0.011608255805913358,0.0011592052925455695,0.0013499004611124594
270,fair point / point / good point,15,,,0.18913233009322236,0.07316916840694224,0.0023668175796046852,0.0013226565012397866,0.00030444103952807685,0.00040583390703735254
269,political / experts / journalists,15,,,0.06532936375588179,0.003005873873674621,0.0018338488162650416,0.005210310278926045,0.0006496806541690603,0.006171504330510894
273,gift / holiday / tag,15,,,0.07123636101993422,0.004438291873278407,0.12132333863992244,0.004239063989371061,0.0008451247510189811,0.0029658521603172024
299,depreciation / march / deprecated,14,-0.5,,0.05071914534450376,0.13783292295348865,0.0022696156582761823,0.045276916752170236,0.00197246929954937,0.0014580155153193378
295,captain / ship / mate,14,,,0.1933134806209377,0.12122025869237925,0.010296018860702003,0.002287980243896267,0.0007361660370536681,0.0015934023145486467
296,exactly / yeah exactly / yes exactly,14,,,0.02637267585045525,0.00273785217931228,0.004806970537174493,0.0016182145128758357,0.00040943881010337336,0.0006416654318205214
297,ship / crew / types,14,,,0.061864061696854024,0.0033325717574501012,0.0036705501676936236,0.004980667739541137,0.000654317177707396,0.0015519551577329236
298,luna / victor / glad enjoyed,14,1.0,1.0,0.25203621447352426,0.2139539258392428,0.11836232251620718,0.056727723276708275,0.0019858592360313715,0.0013386327638207668
303,kimi / good probably / slated,14,1.0,1.0,0.331205592781771,0.0037671299214707687,0.19736515150621667,0.03951243093303804,0.0017063278740222035,0.001861431060076159
300,thank reading / reading thank / reading,14,,,0.08436282581949074,0.8468381608233487,0.009865024601042802,0.03489835971101586,0.001100279062354405,0.000556757311902142
301,openclaw / agent / frameworks,14,0.0,,0.02826958621985146,0.0019197929338718364,0.05046625906834379,0.009823704013667469,0.00091346530825831,0.011616917402924238
293,months / happy / yall,14,,,0.2823676610298987,0.03195937416915383,0.18711027539601283,0.007011135241815022,0.0017268405312539212,0.0029177526614928085
304,orion / gpt thinking / dramatic,14,,,0.11720611242344603,0.20946113379406078,0.1195538064930588,0.08128982492988664,0.003667437259407182,0.0019113060001732915
294,group / group chats / chat,14,1.0,,0.14203824740668228,0.07384540898575713,0.006977683178515041,0.0021213113754389007,0.0005366086458837214,0.0009516710872828428
302,lovely / thank lovely / beautiful beautiful,14,,,0.3669153553034578,0.21296149676865234,0.5184497448083546,0.0038654578384011984,0.0005615250723037336,0.0004898710025632422
292,sent / send / sending,14,,1.0,0.03778281481105036,0.21314579554434335,0.02925054614232587,0.01895932309396033,0.000990914858578305,0.0010816010128889633
286,rowan / neighborhood / portrait,14,1.0,,0.15496434771921486,0.14885146335083327,0.17490587645443156,0.015168565899200206,0.002029306594132712,0.0024799672901281156
283,files / threshold / rag,14,,,0.10117397389175105,0.07381055584327052,0.03186730585002806,0.0033410320819322287,0.0006476659275774312,0.0017160502590871016
284,mit / die / film,14,0.6,,0.011802156214668815,0.0006470206010687564,0.002422511685706143,0.0016133136190806649,0.00039955881948117167,0.00046545301821814585
291,future / probable / witness,14,,1.0,0.0771592719912795,0.0017995271004370547,0.08772770320813704,0.002287621788647292,0.0004926122273900546,0.0009532423188959781
285,riku / xmas / merry,14,,,0.05002330629421132,0.21734843790597683,0.15771170605772308,0.03164295120430844,0.003425178745861298,0.004497772656447653
282,weird / really weird / odd,14,,,0.01273195371530684,0.0019295286516093516,0.05934274972865491,0.006862689599594367,0.000959114674645077,0.011752846009455555
287,featured / performed / flair,14,,,0.6518261586565391,0.09818984933995775,0.008132014215724277,0.0009944871666708163,0.00037697897745861804,0.00035211035771810984
288,makes happy / photos / immense,14,,,0.13494142113319998,0.12392416644641864,0.1605425371173104,0.06755661433895252,0.002486286097596998,0.001362892217002809
289,dragon / dragons / wise,14,-1.0,,0.19172210283743749,0.1438701023102372,0.2046360873334509,0.0024692774999753703,0.0006403843144653365,0.0017521145107041644
290,yep / exactly just / right feel,14,,,0.01577701756364799,0.07199074573665191,0.015682177185746177,0.04365544530030872,0.001287217675001427,0.0017823408187333761
317,addiction / strange / watch,13,,,0.015481564529741613,0.0008431566261256543,0.0015381366224923672,0.0035429074599121054,0.0005833584302588581,0.001481426781258331
316,sketchy / openai / moved claude,13,0.6666666666666666,,0.26798196280231845,0.01055020461969364,0.09481454871666546,0.010375605851340178,0.0013438047697910895,0.001381315409581965
315,glitch / glitching / disappear,13,0.5,,0.10052923393847707,0.002640174814867071,0.07906411674160224,0.003389810579112516,0.0007228184952579725,0.003031849227577018
314,making fun / cuddly / everytime,13,,,0.046723736266498096,0.005295604106952221,0.020930751683548666,0.0023850191814395096,0.0004451526877416584,0.0005600320202155182
313,nightmare / fuel / horror,13,-1.0,,0.06791508181665379,0.0033569340191136757,0.0037365503779325923,0.017013587523251772,0.0024328020472939196,0.020923523702479612
312,screenshot / screenshots / email,13,0.0,,0.005760037456639111,0.001431792077290503,0.0033930477511603385,0.0014801656719870293,0.0003534404251975222,0.0009651665963107147
311,openai / beta / haven noticed,13,0.0,,0.006658422321869204,0.0022284052818297194,0.0023281093991289917,0.006636160264651363,0.0006459809989722159,0.001731683025494791
310,suffering / humans / confusing,13,1.0,-1.0,0.023580882196816113,0.0016560036769638269,0.018505892667095535,0.016310083079868212,0.0008051109706194928,0.002826529054660708
309,cute / adorable / god,13,,,0.6789355070258563,0.0032408507384109097,0.24867430078582123,0.0030190577963367105,0.0004889536156462362,0.0004674821292820315
308,Topic 308,13,,,0.00657350652349683,0.0015185497804150844,0.0909169483750772,0.003900427263803207,0.0006781193459084114,0.0007681100396439433
307,padge / agent / kin,13,1.0,,0.05758103140844749,0.034042252357511855,0.23420604647477516,0.051498777636040285,0.0016942226715260544,0.0030664339540705373
306,hold / best model / emotionally hold,13,,,0.017363418153343864,0.00030663754464162944,0.09432102262955876,0.028152706634360723,0.0013980127573281957,0.0019445877025226275
305,alarm / thursday / tonight,13,1.0,,0.01325154119135382,0.001658575732457953,0.006235032288644176,0.007683052878397016,0.0007255533083270376,0.001626898946527105
338,gorgeous / look great / wow,12,,1.0,0.9417100896437963,0.004776081380744775,0.06619299587327987,0.0018497839628253132,0.00041239920634931576,0.0002747872325320107
337,glm / open router / router,12,0.5,,0.07421163273587202,0.08241497045431363,0.07627195262224025,0.003129899395086492,0.0005596432602033019,0.0025477734501085556
336,app / planning / advertising,12,0.0,,0.0034210516217475138,0.0025378649703876968,0.0018766826106002554,0.01869608709239401,0.001018836450384697,0.0010301983590276602
335,ping / whoop / zap,12,-1.0,,0.005692652290842186,0.0026120220815452435,0.002505443762250555,0.004335192987734142,0.0008815385432778081,0.0021548122264600047
334,cute / cute cute / adorable,12,,,0.9114914685487747,0.0054688179613246275,0.10356558991285662,0.0020037524518556893,0.0003910905422041348,0.0002555127551507515
329,far good / good / girl,12,,,0.6861542555658767,0.014192378706259964,0.0695221715044075,0.07403074340254534,0.0016662031096833136,0.0011482139610355564
333,good place / spell / play,12,,,0.03376851508316273,0.0014151245219788204,0.015254667940704772,0.0058033042393314345,0.0007248381274015022,0.001165992576716235
332,limits / quite lot / limit,12,-0.3333333333333333,,0.012930677398495996,0.08011783159842405,0.08702276772722446,0.01152635263861157,0.001036439683957724,0.002611232322427289
331,vibe / skill / coding,12,1.0,,0.042152687654985734,0.004693636559143973,0.004853616303686674,0.004518909205216914,0.0005980712364059096,0.0013196257884070899
330,Topic 330,12,,,0.00340871933925276,0.0007961421579238959,0.024276397840973612,0.00650534017283159,0.0006044922508105325,0.0005102403132089725
323,academia / companionship / cats,12,1.0,,0.04378015569333608,0.07771029693321907,0.07093173492467031,0.04262621000331516,0.001125778030351891,0.0027896543142560404
328,est / pour / genre,12,0.6666666666666666,,0.06693867838475853,0.0013212518339666228,0.014488543679666085,0.0023996318341232836,0.0004628945061995182,0.0004758672366733663
326,ask / like instead / super annoying,12,0.0,,0.016575870744418353,0.0023581659406772815,0.04468239830506112,0.0030200445423057922,0.0005538247047904102,0.0011378356769758586
325,just told / decide / talks,12,-1.0,,0.008171727667407444,0.010388641227715803,0.0023251615687816716,0.012250482005280597,0.0008777141726265351,0.0010009599560968734
324,simulate / neural / continuation,12,1.0,0.0,0.013581994426203892,0.07753729904895106,0.0030190065008355305,0.008120898986817338,0.0004290314415508571,0.0007569364048928643
322,public / disgusting / brought,12,1.0,,0.0506817089044489,0.0016647031758717883,0.004585269981665381,0.0320293264958309,0.0017891331129552175,0.008727286989596905
321,boss / cael / recovery,12,,,0.1315535296841214,0.17981556779704988,0.020615188560138147,0.22114063143574944,0.00966153561603278,0.012062162219081074
320,spanish / speaker / native,12,,,0.0771600987451772,0.0051861507721090066,0.22245677486838153,0.10379969344163935,0.0037362697451802282,0.0443912126380989
319,drew / school / venus,12,1.0,,0.12970716471318156,0.001631553472786133,0.08166724760182358,0.05064553788785512,0.0013334615711452595,0.001312611255949984
318,oooh / hey / question,12,,,0.0018297192000318319,0.0006422640411377264,0.001274103851756081,0.001978438779284867,0.0003741870326242254,0.001003535954320493
327,sending love / sending / anytime,12,,,0.1526758314187949,0.3346284759269717,0.4085752790948997,0.14612185452521467,0.008545504567640213,0.004607530138552344
355,disagreements / rule / respectful,11,,,0.06800973631272261,0.02006270574532788,0.0015840766189450567,0.0006491234684786336,0.00024288975295018065,0.00031391565227584744
352,ngl / pics / btw,11,,1.0,0.012879869117486205,0.0019879483337387105,0.12491147480481728,0.0023954877926206045,0.0005267444714924998,0.001366049773588946
353,quirky / personality / enhanced,11,1.0,1.0,0.09774530577388676,0.0013434163252399726,0.0709650772835382,0.012251068631568078,0.0008923584563572975,0.0032074223722288893
354,look like / look / like damn,11,1.0,,0.4339159551838582,0.0026330838167764755,0.010970034742389213,0.001972562511747872,0.0003629121889720078,0.0004641316177598624
360,cousin / avery / family,11,-1.0,1.0,0.1071673628069799,0.21405808038649743,0.039715384556488556,0.005320785704746165,0.0009495152652644637,0.0010783339173279026
356,liriana / caps / motion,11,0.0,1.0,0.2514768061651425,0.00360074993328784,0.004414348386820744,0.002720584696031768,0.0005921955201880668,0.0007522975025825541
357,experienced / loss / grief,11,,,0.02010377919809385,0.012486580494706604,0.019073057919740677,0.4596382745287635,0.01806552962146022,0.024995811156589876
358,yeah sure / sure / say yes,11,,1.0,0.02129004408859394,0.0029444891155104747,0.06107249019921503,0.0008145612505772574,0.0003022590099135414,0.0004984155926980417
359,born / lunch / schedule,11,,,0.022719009562437845,0.000792502993135713,0.0026680631033906884,0.011189625259827484,0.0008022763001711362,0.00217409225826321
351,actors / movies / theater,11,1.0,,0.02202780181753703,0.0013780784819656137,0.08491877833148465,0.019752682726406914,0.0008563968559346077,0.001193594171623276
350,nah / team / fine,11,,,0.01920181910761378,0.0007946506851691414,0.011401862816207788,0.0017001068177209659,0.0002943906967464665,0.0003815886633343656
349,thank thank / thank / thank thanks,11,,,0.008029205534099177,0.9887491518800909,0.00249602085783739,0.002662306355143135,0.000508404974508184,0.00024851794957860625
343,sad / joke / dumbass,11,,,0.007398500255393711,0.09161040336634456,0.008278604099442336,0.5326911348278042,0.018154437103393404,0.017662619331862184
348,told stop / stop doing / stop,11,-1.0,,0.002966268887658688,0.0013800287971124899,0.0012668235709001733,0.00703406406682916,0.0005101899640232494,0.0009341179181567647
340,hand / shoulder / right hand,11,,,0.01010793568143113,0.0016446602980563925,0.09090964137894017,0.07682742241939361,0.0016282521934375507,0.001691249174076471
341,drones / drone / china,11,,,0.005022972404152493,0.001127788077362559,0.0011376034553078089,0.0013851647619793023,0.00029613500042945486,0.0006687223186335442
342,wow / holy shit / neat,11,,1.0,0.19773984421044588,0.09060545786368576,0.010533562692051584,0.001968997287225317,0.0013229089513929052,0.0010647180659527128
339,mistral / port / strength,11,,,0.04424745025409555,0.2475802248253868,0.024311748608438807,0.02702308458868753,0.00208703734097071,0.004362386812731115
344,hallucinate / hallucination / hallucinating,11,,,0.014202681708742271,0.09078629861786877,0.003990992591504685,0.0032503070119260387,0.000740897251737558,0.00372878800209781
345,test / thought share / biting,11,,,0.18363889422140678,0.005739206818609752,0.01771707806355235,0.0017392730435610495,0.0005692469593751329,0.0010356378254734657
346,little fox / love little / puppy,11,,,0.4090918896042488,0.1602316108302065,0.41966188440776686,0.003711548729122362,0.0008491227583197707,0.0009676637855591252
347,sora / tab / web,11,-0.6666666666666666,,0.0065961684396659784,0.17739692267390306,0.04267413083950735,0.012690002691339363,0.0007568918597164818,0.0013469058758346364
361,upload / copy paste / copy,10,1.0,1.0,0.008569055993575603,0.0025923304405296222,0.004982168145943433,0.07766004534205422,0.0033500222096336076,0.0028343261685222386
362,chatbot / chatbots / convo,10,,,0.020620665600290522,0.0014113350916886702,0.07795245570596307,0.03588731455965899,0.0010111186653375625,0.0021120869198057333
363,sunset march / kitty / intimacy,10,,,0.017204770306125283,0.001285299877054058,0.003459781940910034,0.009679188393056393,0.0008656502584926784,0.028858808864606546
364,independent / europe / ahhhh,10,,,0.006494445272255689,0.002707823226228356,0.02543015341507271,0.028450125292874873,0.001162209702306427,0.00196954601269681
365,cough / companion claude / companion,10,0.3333333333333333,1.0,0.11590927370125428,0.12535091957543046,0.03021137032774277,0.10214872531360016,0.003612340273684822,0.0031370666431030257
366,merry christmas / merry / christmas,10,,,0.1425517458934337,0.28396687656641006,0.04124641257803887,0.0027397434110753237,0.0011956417467445136,0.0016462237224914133
367,bold / poster / black,10,1.0,,0.15373068884946406,0.15143320996430704,0.06571272616856731,0.0015821902896277606,0.0004625458037480712,0.0005958223584457301
368,hear / good hear / great hear,10,,1.0,0.28554917470319197,0.012620915862498805,0.27302339375019075,0.0036535435006953775,0.0007541770173702389,0.0007773857345455326
369,beautifully / wise / words feel,10,,,0.4392801825888455,0.020104030310176314,0.003467373736202717,0.0014856501074973494,0.00039967182965483516,0.0003103906936303247
370,new chat / documentation / claude,10,1.0,,0.27049727354897185,0.13435491299023852,0.07277282656286843,0.08922506627859547,0.0033836107788374646,0.010617981207906269
