topic_dummy,absa_ai_score,absa_human_score,admiration,gratitude,love,sadness,grief,nervousness
topic_Outlier/Mixed,0.046975232035019444,-0.024026569607996175,0.008524783331757884,-0.04305482136689521,0.03479083932525212,0.029210470484126026,0.025586378031897897,0.04352121893636257
topic_Topic 105,,,-0.015903490553020993,-0.012935441302084504,-0.005470370897294981,-0.008944328057826112,-0.010010861357584201,-0.00580621243583806
topic_Topic 117,,,-0.015366403199776309,-0.012366369295588443,-0.0095079822689902,-0.008313314666283992,-0.00926918749656094,-0.005534555090809557
topic_Topic 121,,,-0.01499503674587716,-0.012136742273168096,-0.0009945732133627525,-0.008185042184867125,-0.008406877624371804,-0.005294856398908041
topic_Topic 184,,,-0.012890878782428996,-0.010538862425519378,-0.005665187986739442,-0.007043204692380093,-0.007208384710647797,-0.0046655868047534976
topic_Topic 193,,,-0.012501367592484623,-0.01009495618253171,-0.007728654661314664,-0.006656882338631655,-0.0072233814415532125,-0.004300726656168439
topic_Topic 308,,,-0.009305306543506147,-0.007693662151533857,0.002282066543266913,-0.0052666611305428246,-0.0051405530889839235,-0.003230254948460232
topic_Topic 330,,,-0.009244984161354055,-0.007449546161411022,-0.004973530847022532,-0.004585898233011118,-0.005313335640215016,-0.00333692358341057
topic_Topic 51,,,-0.019888952859159495,-0.016257869705645318,-0.012634387621827715,-0.010271622730437123,-0.011682423495828863,-0.00707708054994639
topic_Topic 53,,0.033249874978967586,-0.018723762858015577,-0.016087642341671714,-0.008788862968114129,-0.011128063997116463,-0.011150103169305476,-0.006957528189249444
topic_Topic 67,,,-0.018603892995060316,-0.015194891900189213,-0.007205967225876848,-0.009984385077495115,-0.010655844368048216,-0.006573069536907261
topic_Topic 69,,,-0.018786682159629198,-0.015080008507147136,-0.011176596603815009,-0.005266722216047829,-0.009817850333287978,-0.0066980308501289965
topic_Topic 70,,,-0.01836540638253473,-0.014873561150135408,0.0005605579443870562,-0.010190437769080874,-0.010745254999307324,-0.006622965983482588
topic_Topic 71,,,-0.01803419022653971,-0.01477187571326574,-0.011172889096655467,-0.01039542316197484,-0.01118353196296804,-0.006320356738359247
topic_Topic 72,,,-0.01822347479184792,-0.014752584455248328,-0.010796521074086084,-0.008415710868382331,-0.008274569398391206,-0.006080425381833375
topic_Topic 74,,,-0.018211955533607247,-0.011666852506084199,-0.010335445050676179,-0.009426245702475045,-0.009872738481431963,-0.0064256300208355675
topic_Topic 77,0.018241816805681987,,-0.0177462222118957,-0.014444848928133155,-0.009821625772924685,-0.0027440683764796293,-0.008250140237762642,-0.006204263449749955
topic_Topic 79,-0.030984541227114734,,-0.01778128801346814,-0.014293463865226452,-0.013054531654197617,-0.009705661975029999,-0.010377608733568147,-0.006306303178011726
topic_Topic 80,,,-0.01745828629238692,-0.014094597293382029,-0.008246838063109486,-0.009578192762018935,-0.010301605763276036,-0.006247514791307121
topic_Topic 90,,,-0.016963032378030967,-0.013780926095713023,-0.011216135120377793,-0.00921841068838397,-0.010191446804402999,-0.006095145646581151
topic_academia / companionship / cats,0.018241816805682015,,-0.005355459782294525,-0.0012895918154329543,4.343582308832715e-05,0.001987472468729136,-0.002661513494862393,-0.0012733242865333302
topic_account / email / address,-0.043830021442112406,,-0.016181535032844363,0.0015405311935731973,-0.013105470079687551,0.0008387781096201334,-0.0003256319335352132,0.012536539150652658
topic_actors / movies / theater,0.018241816805682015,,-0.007133802726807333,-0.007087638914841501,0.0014815881248249302,-0.0020824712418080174,-0.003860154089254381,-0.0026024950040212697
topic_addiction / strange / watch,,,-0.008412011898662499,-0.007749963302513855,-0.00772170714591278,-0.005334381516647404,-0.00564230283498917,-0.0025580929210263087
topic_adorable / cute cute / cute,,,0.1102214300908971,-0.010306976913849082,0.008007908739882465,-0.00786191049485003,-0.009524638066946986,-0.005181752886140863
topic_ads / quite literally / users,-0.043830021442112385,,-0.01220019036168903,-0.010250186527916883,-0.010127955257747368,-0.007586605568968312,-0.009279100279019261,-0.004621437651197968
topic_adult / adult mode / mode,-0.012752558036597677,,-0.019470593153865227,-0.014262677611724846,-0.014834785422463834,-0.003543168813704023,-0.00745002807303389,-0.004401983950666981
topic_aesthetic / style / colors,,0.0332498749789676,0.030467743802733975,-0.0036726558708535728,0.09604242242073088,-0.0067870825180785565,-0.007730642921714149,-0.004301029685382125
topic_age / verification / verified,,,-0.010991123011022064,-0.006484574561613219,-0.010728755041430548,-0.005576552951305431,-0.0032344178481384864,0.0026740205575349132
topic_agents / agent / agentic,-0.009012782866921561,,-0.002650782555974487,-0.011279254197628702,-0.008745439279152585,-0.008689454480382988,-0.00864641360612724,-0.0012932066406498228
topic_agree / agreed / fully agree,0.018241816805682015,,-0.010802117757338392,-0.010208234006771587,-0.00962364801996601,-0.007716093403066865,-0.008203315020322857,-0.004365897078028116
topic_ais / location / consciousness,-0.030984541227114765,-0.05020864655458559,-0.008217832751088873,-0.009460258922280843,0.0006121560707205517,-0.0017780910999291848,-0.005046884104688826,-0.002812974913835392
topic_alarm / thursday / tonight,0.018241816805681987,,-0.008635637284202306,-0.007681989509877704,-0.007196004461299559,-0.004550166927084783,-0.004889394914409255,-0.002421013752912374
topic_alex / theo / journal,0.018241816805681994,0.03324987497896758,0.002682619565691595,-0.006354260374050366,0.010244610969775084,0.023070954622805076,0.027995214689144378,0.005456826802849612
topic_amazon / authentic / voice,,,-0.008401048471085302,-0.010547042606620049,-0.007994012164624663,-0.006486206993569487,-0.0055856051419380425,-0.0034217469483598705
topic_anniversary / happy / discouraged,0.01824181680568201,,0.003255059050348553,-0.005971227614079688,-0.0005401703348826596,-0.004760365190397419,0.0020224475605738106,-0.0009219761199665612
topic_annoying / normal / noticed,-0.052924498979262685,,-0.017193212895489255,-0.01445115947033068,-0.017007804020008233,0.002319349220837622,-0.001835990698596588,0.0030952629144868323
topic_api / replit / sol,-0.015626674673146074,,-0.010128018225551283,-0.003140677847263761,-0.013405140452890886,-0.0014135775778551158,-0.005860796879186814,-0.005119047278987478
topic_app / mobile / iphone,,,-0.01352071359305825,0.00632251307609522,-0.01543705435528701,-0.0035282271151681225,-0.0023360372751519915,-0.006375586227569091
topic_app / planning / advertising,-0.009012782866921561,,-0.009243796026431245,-0.007310053852882584,-0.007382229010089166,-0.0023673941103403502,-0.003205533802236847,-0.002866195116679992
topic_art / drawing / sketch,0.02580445570826935,0.04706014771382996,0.031926125992514306,-0.006669825577723369,0.026755881117568818,-0.0048334476367829105,-0.004590728123740852,0.026690726063640004
topic_ash / room / rooms,0.02038604089069785,-0.05020864655458563,-0.0072688962980196935,-0.006888023619311941,0.0188914255105204,-0.0013932169133783912,0.0035079171113854856,-0.0036858656077108083
topic_ask / like instead / super annoying,-0.00901278286692157,,-0.007976415068493937,-0.007324445713812054,-0.0027792218869364324,-0.00522016148005148,-0.00557108546931087,-0.0027687488899157567
topic_autonomous / robots / murder,,,-0.01429308552569495,-0.01232036009205403,-0.009404743490680165,-0.008542439057538905,-0.009773304510479761,-0.004591785925469938
topic_average / child / typical,,,-0.011092416155432612,-0.008291406040012744,-0.012214311433586653,0.003254518528785063,-0.0042703976050890834,-0.004152173195062592
topic_awful / sorry / sorry happened,,,-0.01074224051986286,-0.007869056907288797,-0.008021778345063997,0.05961707903798958,0.04212203505700886,0.0124932306868852
topic_bait / click bait / click,-0.05833617795382965,0.03324987497896757,-0.02214530677851698,-0.01194552032553398,-0.016578498965868493,-0.012441098989728214,-0.01402139153810351,-0.0061926058348752665
topic_banned / alt / hearts,,-0.05020864655458564,-0.009952064216272958,-0.0044884395874353385,-0.0053206883999351775,-0.005544889382987846,-0.006100590028058454,-0.0033203564252256854
topic_beautiful / looks amazing / gorgeous,,,0.08760735661466466,-0.0037234080734919817,0.004483522515603571,-0.006748341988179702,-0.007570244679068217,-0.0043772160642942285
topic_beautiful beautiful / beautiful,,0.03324987497896757,0.10896759212230413,-0.009161031108994157,-0.0035673806565438126,-0.007078702953826684,-0.00820282929363818,-0.004715927468862669
topic_beautifully / wise / words feel,,,0.029893901137969765,-0.005388654963722247,-0.006582621786178261,-0.005020044567717574,-0.0058013214008929915,-0.003211220938512702
topic_blind / screen / pok mon,,,-0.011022168452860132,-0.009058591424026962,-0.009103067788901277,-0.0014301222718764298,-0.0038463788033200634,-0.0036211368386254326
topic_bob / adhd / bobs,,,-0.005261426188767095,-0.0005134639670709382,0.006076298988978556,-0.005622900004916805,-0.004970406645873008,0.004430760497029107
topic_bob / steve / haha,,,0.0035131285762216202,-0.0008514955670848192,0.017498870139249022,-0.009304209733137557,-0.008888928054295336,-0.005354938556171202
topic_bold / poster / black,0.018241816805681984,,0.004781029278416924,0.0042125367673291,-0.0004726457919185995,-0.005004007287120722,-0.005509355510758634,-0.002975337744562672
topic_book / books / bell,,,0.01686485717325041,-0.005915809371277676,0.021451697717613436,-0.007876946797362543,-0.00700820187629443,0.0009778776733717518
topic_born / lunch / schedule,,,-0.007070045668920247,-0.007132539446848393,-0.00698633570889831,-0.0035744277349888105,-0.004123743608912423,-0.0017526371627985132
topic_boss / cael / recovery,,,0.003100931884704887,0.006887886164302406,-0.0053672299623306104,0.034473995445309796,0.040760562996435296,0.007121263438161043
topic_bot / bots / wing,-0.030984541227114734,,-0.009435028036846831,-0.007560300837795837,-0.006633913540008402,-0.008172872611640942,-0.009358041156712033,-0.004702601891531707
topic_bug / fixed / error,-0.043830021442112406,,-0.008750007920542499,0.00010867310516020606,-0.009398479639346424,-0.005366271670242046,-0.0038082473557261814,-0.0019099516092904796
topic_captain / ship / mate,,,0.00977668108146811,0.0023710315104263774,-0.006996094961138867,-0.005782538297976604,-0.0050157466649578975,-0.0025452091703962168
topic_cari / dragon / adopted,,,-0.00343044616127672,0.031004188411514776,0.008646892368904844,-0.0023476650514254504,-0.002374100087181073,-0.003328523881179954
topic_chat gpt / gpt / chat,0.011879615075759091,,-0.008027959280909023,-0.013767522409705439,-0.011014297409592203,0.0010865073817360317,-0.0021312354298191035,-0.002160652231447651
topic_chatbot / chatbots / convo,,,-0.00692543503116268,-0.006755237403629814,0.0007288005928694166,0.0006947690326265378,-0.00296196501815198,-0.001722283610438728
topic_chatgpt / chatgpt app / did chatgpt,-0.030984541227114762,,-0.013119529891676047,-0.0053768445645348325,-0.01038641832215815,0.002421425473720375,0.0051719939403880085,-0.0029423649244845734
topic_chatgpt / claude / excel,-0.006371362210716394,,0.000804558440839791,-0.00823975446132051,-0.00782909765490631,-0.0018106466386165721,-0.0045323454887259635,-0.002634411550167038
topic_chatgpt chatgpt / chatgpt / chatgpt just,-0.03947666539498535,,-0.02147532876334864,-0.014985391591046827,-0.010177027964125496,-0.006201742592014997,-0.009908401654706396,-0.006856431521449752
topic_chats / chat / new chat,-0.016883087385535726,,-0.02370224280826139,-0.018126345825174993,-0.017427286445613033,0.00010975662320379445,-0.001441586073372806,0.01684542872840696
topic_chin / head / tilted,0.018241816805682026,-0.05020864655458564,0.006053552181477043,-0.006605313957208347,-0.005028810969399829,-0.007697110806522767,-0.007856105319732817,-0.004103538426476088
topic_chocolate / vanilla / tea,0.03161200231130072,0.08177350484739776,0.004188623740104642,-0.010306276272417156,0.011295929426030771,-0.011552898480043223,-0.01303492437896499,-0.006213883359676149
topic_clarifying / clarification / didn know,,,0.00560145819830663,0.08561631832061199,-0.009197019608550681,-0.0067734121893786945,-0.0065968269861447085,-0.00438350127948752
topic_claude / blah / love claude,-0.009012782866921532,,0.010585756445809152,0.0005299968810113407,0.017023247159872978,0.009254179409549644,0.0035430350524464113,-0.0019492342926584196
topic_claude / chatgpt / chatgpt claude,-0.025258931853728163,,-0.0035612475029285526,-0.011613556078047406,-0.0067686333291278695,-0.008604938556720334,-0.00946455604769338,-0.0039737548784892695
topic_claude / claude claude / claude amazing,0.024889860437645097,0.0332498749789676,0.025645207266608863,-0.018552325350089393,0.016362264806125272,-0.00026196215746631773,-0.005282210134087589,-0.008709396888248124
topic_claude better / use cases / coding,0.0031765352287863,0.033249874978967614,0.003831428799800176,-0.008894631276536722,-0.008080628145244295,-0.0067092469433770695,-0.0076774875677980674,-0.0038456936501538503
topic_claude gemini / gemini / claude,0.018241816805681998,,0.011463762049160085,-0.009639890310275975,0.0014126928423079923,0.012853713812934979,0.012351716796844096,0.019200065710080136
topic_cogsuckers / trolls / downvote,,-0.07106271301365484,-0.010951003841447022,-0.008699089420069361,-0.009226572333382258,-0.002586009303100086,-0.0049023794940575415,-0.0025429202746167653
topic_companies / money / company,-0.0373847311489545,-0.0871036279891142,-0.01872718868870489,-0.019651231351884853,-0.018391821086895705,0.005409450585648853,-0.0017111583927856646,-0.0018899746711364066
topic_companions / companion / multiple companions,-0.03947666539498542,,-0.006151259431878872,-0.007565330502482013,0.0034980317913853405,-0.0017214765388854042,-0.002855940398286216,0.0019699973493767313
topic_congrats / dude,0.018241816805682015,,0.037444195451652944,0.05371226350766313,-0.007588473458625221,-0.00618966266323017,-0.005759111374623288,-0.003886336270397719
topic_congratulations / mission / proud,0.02580445570826936,,0.028175409398082895,0.015485202826107932,-0.005849546551312942,-0.007736343768097671,-0.001688658087762698,-0.003589372629400869
topic_cool / awesome / really cool,0.031612002311300694,0.03324987497896759,0.08411475286448396,-0.007552881699534598,-0.006227742578922856,-0.009130375224604153,-0.010307791669900668,-0.005480758069669223
topic_cough / companion claude / companion,0.0031765352287862767,0.033249874978967586,0.0014547955676654744,0.0023057170379432307,-0.0039574430253635495,0.011702132117665258,0.009117245708873355,-0.0008752315112200505
topic_cousin / avery / family,-0.030984541227114734,0.033249874978967545,0.00071947721475317,0.009220156433317873,-0.00317221816063969,-0.004596965924860088,-0.003406628872443011,-0.0027023981371624307
topic_cozy / thank sharing / sharing,,,0.01445684274263906,0.05144955925980357,0.05812407242775485,-0.005473126949420008,-0.0020025939745183753,-0.0031165057983110114
topic_cringe / smut / cope,-0.07599400719024017,,-0.0029862086353818888,-0.0085310485215583,-0.006038318736355751,-0.0028662151872084463,-0.003951403553146167,-0.0026507788489610815
topic_critical / bullet / instruction,-0.009012782866921521,0.03324987497896758,-0.012797714013468516,-0.0070387377196487804,-0.013599013481622796,-0.008950715061952545,-0.010255053786298112,-0.001598426836971333
topic_crying / tears / tear,-0.012752558036597672,,-0.0005801172314737869,0.012198029104271058,0.004481104833067831,0.2408739532177326,0.2958461672177385,0.00887747430791037
topic_cute / adorable / congrats,0.025804455708269374,0.04706014771382987,0.11094635718774017,-0.0013053436020701162,0.0404560514220587,-0.009706760652449185,-0.009818862631036552,-0.006169692010247607
topic_cute / adorable / god,,,0.058118746378477706,-0.007550090180670313,0.019939146788301852,-0.00543360763249325,-0.006142167060961206,-0.0035135381716672877
topic_cute / cute cute / adorable,,,0.0782428614598872,-0.007075317650331489,0.0035526369783442334,-0.005405108982232999,-0.006398927073836045,-0.00356753356012512
topic_cute cute / cute / creepy,0.018241816805681987,,0.09421705766583378,-0.006660742352191557,0.003058826899820426,-0.008125341029089472,-0.009799257127839732,-0.0047835053790605195
topic_daddy / baby / father,0.025804455708269353,-0.050208646554585575,-0.007668665785890725,-0.011218858738836641,-0.005854216564830372,0.010719376531294391,0.01448538010758089,-0.002612280877212311
topic_deepseek / use api / api,0.018241816805682,,0.0023280329916016817,0.009565137040267086,0.003007112344936004,-0.005966173565204649,-0.004987692115709211,-0.0036207279168186213
topic_deleted,,,-0.032826963928240714,-0.02636232685896949,-0.026431891239439332,-0.01842151811219903,-0.01896334675685498,-0.011784546851865845
topic_delicate / elegant / coat,0.034253165583025214,0.06666018384600511,0.017408454652512517,-0.01095062247833062,0.0050332758692193435,-0.006371942164121664,-0.007752546403496042,-0.004665213757792987
topic_depreciation / march / deprecated,-0.02642140215451701,,-0.005062661238121157,0.003808176527471737,-0.007928384777826371,0.0026678508636304886,0.0017775974522937056,-0.0026776032498497943
topic_desperately / mateo / painting,,,-0.010688351479537986,-0.008610039540227075,-0.008290901957043222,0.00543367067180754,0.0037240744834293807,-0.003409588105835331
topic_disagreements / rule / respectful,,,-0.0028924253970609103,-0.005654946255263924,-0.007097934920669448,-0.00541091781465531,-0.006848187754119788,-0.003364966341405097
topic_discord / server / interested,0.01824181680568201,,0.007197770762682189,-0.009669242494994871,-0.008480054997367854,0.0013574038553381233,0.006062468548148071,-0.0017604467084775437
topic_doing just / understandable / pressed,,-0.05020864655458564,-0.011695262895729848,-0.010050374474235893,-0.009912122952907379,-0.007211015141873182,-0.00829253675988557,-0.0008539235721484722
topic_doom / kins / kindroid,,,0.0005092811291658639,-0.00482709491346501,0.0007139910543195948,0.004625375318992988,0.004220929503751049,-0.0028719357533623555
topic_downvotes / downvoted / trolls,0.01824181680568198,-0.13348288721554277,-0.01730696098228141,0.007606293316893833,-0.007810264005563222,-0.0010565747135376842,0.002796991163598608,-0.00011946047142844227
topic_dragon / dragons / wise,-0.030984541227114765,,0.009611071419321597,0.004330446892609332,0.015577062933138965,-0.005746900468985234,-0.00554205620520144,-0.002390005300981503
topic_draw / image prompt / write,,0.033249874978967586,-0.015056004931984605,-0.013049690949370928,-0.010327685377051905,-0.009766346089608984,-0.011782996092836152,-0.005672724057641433
topic_drew / school / venus,0.01824181680568203,,0.0029230466714039445,-0.007382639158731308,0.0011978527162983938,0.00344685080627401,-0.0016050108348711078,-0.002610521046392528
topic_drones / drone / china,,,-0.008702329557223472,-0.007106830586175599,-0.007143900487449062,-0.005282676051549839,-0.006588861348299666,-0.0030574336377406685
topic_eli / tonight / want make,-0.03098454122711478,,6.965977694263877e-05,-0.006076162636984795,-0.005132734003249066,0.02004074821535688,0.013286174577791183,-0.002019665364372899
topic_elias / good thanks / tame,0.025804455708269333,0.057682987684280436,0.008874387608886869,0.015607157179024035,0.005880935283442019,-0.00504174649863999,-0.004539571119926923,-0.0016690922274944634
topic_emoji / emojis / okay,-0.009012782866921538,,-0.007701735239810238,-0.0012685927650019208,-0.001807801800028301,-0.004401644595197262,-0.005488700335779619,-0.003435921359678515
topic_est / pour / genre,0.01739426877004346,,-0.003124287281983409,-0.007407490812294838,-0.006026043617664267,-0.005333065813144542,-0.0060336546084820445,-0.003368042220278597
topic_evidence / god / bible,,,-0.00835721409510859,-0.013774664288752583,-0.013809844937034983,-0.008442646399267348,-0.01094037200067115,-0.005863184068038189
topic_exactly / yeah exactly / yes exactly,,,-0.007596321459582584,-0.007878763311853325,-0.007633663710959885,-0.005914194987672602,-0.006811075167665435,-0.003475907947441532
topic_exercise / stet / popped,-0.012752558036597661,,-0.010627555526597287,0.0007542552157927941,-0.008703440912198317,0.006954129175052168,0.004224621027794773,0.04065733045186906
topic_experienced / loss / grief,,,-0.007311274727705427,-0.006235865471987511,-0.005297399069110545,0.07455956549654406,0.07995544934286347,0.01802834662513437
topic_fair point / point / good point,,,0.009669621052321954,-0.0018485352361624575,-0.008195128828597168,-0.006182029553797546,-0.007647480209994163,-0.0038366930677570603
topic_fake / post / legit,,,-0.012289708718742638,-0.010038972191791303,-0.010073078998883036,-0.004543609334873099,-0.007859066545624396,-0.004260063618462632
topic_fantastic / amazing / awesome,0.01824181680568202,0.033249874978967614,0.08278488088183387,-0.007834800668375958,0.0373387824157238,-0.008883470641472786,-0.009744248391698076,-0.005588673017349488
topic_far good / good / girl,,,0.056533091816834885,-0.006376659047371334,-0.00010813810480290072,0.0077025518872792294,8.767178798941556e-05,-0.0027593532208189694
topic_featured / performed / flair,,,0.05749264801698204,0.0003786937660930188,-0.007247450324543422,-0.00603680185432893,-0.006989438211615428,-0.0037590624182253733
topic_files / threshold / rag,,,0.000188013489155546,-0.00173033460028832,-0.0044905279361837375,-0.005575538577547693,-0.005502044579332762,-0.0024252723537606545
topic_fired / company / views,-0.03098454122711479,-0.05020864655458557,-0.002870281416912583,-0.007743539923950747,-0.011973269674542264,-0.007263122494449997,-0.008178920803620584,-0.004399688777660306
topic_food / eat / pets,-0.030984541227114734,,-0.011238482554928474,-0.012266018059718532,-0.007080100415271657,0.002529612103197832,0.003597391051417229,0.0007152243041146329
topic_free share / feel free / share answer,0.025804455708269346,,-0.0037243454461387314,-0.0061584536327573,0.002092944179619295,-0.005085078680547194,-0.008703266451523922,-0.004541526942968962
topic_friday / week / hello companions,0.02580445570826935,0.0470601477138299,-0.0010619146115661959,0.0027324372196460014,0.008355459665059869,-0.007920422156996154,-0.002382118326751307,-0.0005971891358694354
topic_fun / thank fun / fun thank,0.02580445570826935,0.04706014771382988,-0.002469754258692761,0.007452332892736821,-0.011466505998098817,-0.009544376383937445,-0.009554750051603,-0.005113125000067826
topic_future / probable / witness,,0.03324987497896758,-0.002311120726191409,-0.007959936878614174,0.0019978178769624482,-0.005782608759974444,-0.006354046813719663,-0.003171218454978568
topic_garden / half / light,0.03161200231130069,0.07458843052945087,-0.010364545712242162,-0.0033126429031867096,0.008920717899169846,-0.010161837562222354,-0.01004920874460355,-0.008824876298374482
topic_gemini / gem / google,-0.010983744934897403,-0.07106271301365484,0.009961159883214214,-0.007958857898435144,0.0015956468109772695,-0.0052536169256875796,-0.005872799733207958,0.008805889620707842
topic_gift / holiday / tag,,,-0.0030303079649869804,-0.008003182171280585,0.006107246774947138,-0.0055886150324435425,-0.004572149380416343,-0.0012453479184650331
topic_glitch / glitching / disappear,0.00839583642067388,,0.00011651671958416288,-0.007600162861517973,0.0009554317076476833,-0.005363380693102285,-0.00490387548114258,-0.001097121890768385
topic_glm / open router / router,0.00839583642067391,,-0.002423585602500525,-0.0009128006488740348,0.0006176829698142306,-0.005200169805595641,-0.005541486015990981,-0.001492303893113585
topic_goblin / word / use word,-0.06734890798869198,,-0.013679319003357305,-0.011872349074056977,-0.007819547470773573,-0.006562826207281273,-0.007957864532330088,-0.0035117760056309335
topic_good place / spell / play,,,-0.006320016006802328,-0.007399972671139028,-0.005943660333713292,-0.004713656574892059,-0.004701126611749767,-0.0027432578828060906
topic_gorgeous / look great / wow,,0.033249874978967614,0.08115422835849803,-0.007130798019616293,-0.0004661328000368588,-0.005433128572002945,-0.0062905282076368635,-0.003550083988457394
topic_goth / vampire / shadow,0.04474065784394799,,0.005698174660214398,-0.012520473743508885,-0.004293507172492496,-0.0074330165399776665,-0.007640704751796525,-0.005227837491165735
topic_gpt / claude / gpt doesn,-0.009012782866921533,,0.0052566517256673745,-0.00972930289633733,-0.003794501360651856,-0.004508749806805777,-0.004111397489011112,0.0001564051096263208
topic_gpt / gpt thinking / custom gpt,-0.056266205164755015,0.03324987497896759,-0.014819716157203771,-0.016237116191740786,-0.02270386313612291,0.0006661589048017487,4.342692526221012e-05,0.009234551127260324
topic_gpt / sunset / legacy,-0.030984541227114745,,-0.005703362517485879,-0.009408346255454803,-0.008801114287635286,-0.005083231967839126,-0.004468246140203424,0.005550064252526325
topic_gremlin / gremlins / goblin,-0.03629882085718496,,-0.010254994707731268,-0.00852523340634339,-0.0009995455041250227,-0.005698664236648379,-0.006140938990085462,-0.002400190517875172
topic_grok / elon / tried grok,0.061907678785606844,-0.016999685438639837,0.013898248143462017,-0.019322197316705366,-0.0049226659160049435,-0.005099270948851396,-0.009193377787233463,-0.0026260855574282978
topic_group / group chats / chat,0.018241816805681998,,0.004440629430411752,-0.0017273194896916364,-0.007381529194484922,-0.005815300606467716,-0.006112291558499535,-0.0031727549545798113
topic_guardrails / guardrail / rails,-0.031761390691784464,-0.03884142276464935,-3.079603350237181e-05,-0.009062771322001345,-0.012978532607248912,-0.00015937710160067366,-0.0023460178347900914,0.0011620235518170583
topic_guide / useful / appreciated,0.018241816805681967,,0.01652366136475033,0.01853479699022732,-0.0006204625084707354,-0.0058200282856924156,-0.005499132193370345,-0.0036275540649405072
topic_hahaha / wtf / oooo,0.018241816805682005,0.0332498749789676,-0.005028626474372058,-0.018661886056757497,-0.008514694026150798,-0.01309581154117964,-0.013359328711202203,-0.007935685131665789
topic_haiku / sonnet / opus,-0.026200369454594082,,0.0028859813235850547,-0.006251676297445364,-0.0035409293952498554,-0.007963130190310821,-0.008777166232869678,-0.004467617848471814
topic_hallucinate / hallucination / hallucinating,,,-0.007855592433925003,-0.0002320298149601711,-0.006850136696990929,-0.0049577090521603145,-0.004422684993852909,-0.00040508698741646384
topic_hand / shoulder / right hand,,,-0.008233292136253227,-0.007067198056926182,0.0020983629679790223,0.00786176057187504,-0.00010089894510745427,-0.0021711468843039435
topic_happier / claude / insisted,0.0031765352287862624,,0.014436499304438537,0.0004762028255222898,0.011803020216617026,0.01894968438230898,0.02031941191700475,0.019064286277182416
topic_happy birthday / birthday / cake,,,-0.006487937265446949,-0.006522698684676746,-0.003932729815430531,-0.008772648931902317,-0.002946742171871792,-0.002731500856348763
topic_happy holidays / holidays / christmas,,,-0.00542655559464302,0.003267739992075594,0.025798118475370013,-0.005476730287701882,0.0012151825085876464,-0.0009351388306124746
topic_happy new / new year / year,0.018241816805682,,-0.006834845789287696,0.0023320577120964528,0.0038422556503499073,-0.010805356841331078,-0.00651547948119959,-0.0036668639241911475
topic_hate / references / people guess,-0.02525893185372817,,-0.00811707567233489,-0.00995861388566397,-0.0028478144695586577,-0.0043294243795081585,-0.004304064391839216,-0.0030731847417850375
topic_hear / good hear / great hear,,0.03324987497896759,0.016373908329311935,-0.005935729244904579,0.019876876747198322,-0.0046599135436861125,-0.004155116843581625,-0.0028252922018354313
topic_heat / north / mass,,,-0.006101826920468454,0.02828805681067734,0.006866141253539205,0.005491713086497226,0.016027548197624888,0.002536006786590823
topic_hello / welcome / happy holidays,0.018241816805681987,,-0.006780567606872153,0.03283553129498317,-0.005052302108064569,-0.008792247990907326,-0.0077844950644246815,-0.004940481316110794
topic_helpful / thank / helps,,,-0.004097537807114499,0.09489486035825409,-0.012287673175787616,-0.008983450025202048,-0.006628765864011372,-0.005444344436680727
topic_hilarious / funny / hysterical,-0.030984541227114772,-0.050208646554585644,-0.0009602372354833616,-0.007423127881909681,-0.00599634295295837,-0.007602021772362696,-0.008076028422879298,-0.0027903479002330325
topic_hitler / nazi / comparison,,,-0.013642272350231925,-0.011976061284672133,-0.0037127665138407782,-0.008362310191975968,-0.009578310471569571,-0.0016046097044952281
topic_hold / best model / emotionally hold,,,-0.008223300760593346,-0.0077946878331350425,0.002663069465494949,-0.0006728632345500294,-0.0013287881450216857,-0.002121654007282922
topic_hope / hopes / hopefully,0.018241816805682015,,-0.01112349057815842,-0.009113130673159562,-0.00925537699168708,0.004158723529896663,0.0063060067674404275,-0.003601237792855322
topic_hosting / run / locally,0.003176535228786263,,-0.001947472349170893,-0.008237995962306267,-0.004103278237533619,-0.005113413209320128,-0.004347874817976872,0.0009275241856241715
topic_house / water / clean,,,-0.011202555993415166,-0.01425125456298413,-0.002093169084280637,-0.0024921874939086252,-0.007484765364946363,-0.004698130633780515
topic_hugs / hug / sending,-0.009012782866921547,-0.012001282649912442,-0.0025839395599014246,-0.002574508488762325,0.03398320698018538,0.04017936346244616,0.058457057626872644,0.012843934446877496
topic_humor / joke / laugh,0.020386040890697826,,-0.009074848401869942,-0.007147746986293393,-0.00839791346512512,0.0009931118017628576,0.0023073181246792344,0.005785891168498369
topic_idea / good idea / great idea,0.018241816805682022,0.047060147713829936,0.07050556262547089,0.04007223873207829,0.016005048358683206,-0.00878007848950047,-0.008507918468113693,-0.0053228628626137515
topic_image / generator / chatgpt image,-0.01426146376054039,0.033249874978967586,-0.003919317304730656,-0.00867442804759054,-0.008990641495327316,-0.007861727453118616,-0.007376487683407752,-0.0033473894343795337
topic_image / images / generator,0.008395836420673894,,-0.0026801829361918334,0.009718980157688326,-0.009018911387312105,-0.00581836520861528,-0.005716075367578211,-0.0036656476229414117
topic_images / pictures / beautiful,,0.08177350484739783,0.11319629332304361,0.029813053404368118,0.06479232283890664,-0.012357080023515536,-0.010651584543885779,-0.008006863078356031
topic_increase / poll / metric,,,-0.01512702821309258,-0.007590943310914805,-0.011481818467269709,-0.009497358813732275,-0.011110458755451899,-0.004693246839749763
topic_independent / europe / ahhhh,,,-0.008167776442146002,-0.006660453965634368,-0.004426765142087124,-0.0005406988160077681,-0.0022603483359535234,-0.001840080647635469
topic_instant / thinking / instant thinking,-0.009335666698118746,,-0.01078188073119786,-0.012417185371659293,0.00012644971068590956,-0.007966310050845958,-0.009872196092906727,-0.004891097746880764
topic_instructions / custom / custom instructions,-0.003242785212218114,,-0.008993940000635072,0.006501857177904593,-0.008458016696669053,-0.012099600941666995,-0.012284289073419292,0.0009682475382251923
topic_intelligence / llms / psychology,0.031612002311300784,-0.05020864655458561,-0.0071141769065898005,-0.01303557801867718,-0.010364639380077024,-0.009477138787736872,-0.01158725307776117,-0.005521964562335777
topic_interested / want just / opportunity,0.03161200231130073,,-0.010465445844561804,-0.009170342665247128,-0.001769980558606736,-0.0068510193732134765,-0.007953803898414132,-0.0036098251023795823
topic_interesting / slowly / difference,0.008395836420673906,,-0.015501699611043277,-0.016013734959822844,-0.015095907012920984,-0.010880734750060754,-0.012431560758302245,-0.006232189122375089
topic_iran / war / girls,-0.030984541227114772,,-0.012960100776498076,-0.012522722339746191,-0.011404791229866786,-0.00784385436354394,-0.00854472638229793,-0.0022694269575500576
topic_jane / ending / journal,,,0.0031112570102196932,-0.0022484716550701138,0.020693691997250716,0.004908927518808438,0.009765080538032846,-0.0025946192033422188
topic_japanese / bomb / pearl,,,-0.015098859313725267,-0.012215244060932957,-0.012373316026844331,-0.0018104567534318462,0.0026457968478111856,-0.003945385871024523
topic_json / export / data,-0.07599400719024012,,-0.012961140312977978,0.008748207831162102,-0.008731916934264299,-0.007905905764938092,-0.00827166853387447,-0.005079335351188359
topic_julian / say goodbye / goodbye,,,-0.008970061058897937,-0.008780318318074385,0.0024717975990471326,0.02225575648261456,0.010955776202537383,0.001843484007060307
topic_just told / decide / talks,-0.030984541227114734,,-0.008786099398187875,-0.00668129542126597,-0.00733400293080049,-0.0035403822425049834,-0.003923434032876066,-0.0028926652303592473
topic_karma / like months / ago got,-0.030984541227114772,-0.05020864655458563,-0.005952127903967652,-0.004005248081316813,-0.008921073954648608,0.002891557308177507,-0.003659333430876844,-0.0037028076001181494
topic_kimi / good probably / slated,0.02580445570826935,0.03324987497896757,0.02412667788575201,-0.007789721520900993,0.014732522824878514,0.0015347186569555514,0.0003151809544093419,-0.002283105189556048
topic_kindroid / proactive / nomi,0.011879615075759119,-0.05020864655458562,0.014733493801921743,-0.0005178627426561479,-0.006445705513478357,-0.009164347837448903,-0.008241652310358347,-0.003568059907655435
topic_kiss / lips / kissing,-0.04383002144211239,,-0.0009689811168599186,-0.009459217628221484,0.009791667686601137,-0.004556112318392754,-0.00458842839497038,-0.0026527730139385614
topic_lani / dream / looks,0.029813250432748697,0.033249874978967614,0.016938256527547435,0.00023774951496065882,0.019912209882330487,-0.005687456332417217,-0.008342458785678126,-0.006372460640962551
topic_laws / bias / countries,,,-0.01189223112778504,-0.009847981852726952,-0.00981074350111813,-0.005319263558338522,-0.005508183248622814,0.006312687467654861
topic_laws / law / state,,-0.008479385787808992,-0.009560258034761203,-0.006864092741982779,-0.006281793867906127,-0.0025774587625580748,-0.004061695814456362,0.003592765463679865
topic_layla / just sit / spend,0.018241816805682015,0.03324987497896759,0.020826336581810045,-0.011955420751527017,0.021698233081178447,-0.0035348669004026945,-0.00561938314760542,-0.004289768172016862
topic_legal / law / court,-0.04383002144211239,-0.050208646554585686,-0.018721682828739764,-0.0134576209211111,-0.01656053285648808,-0.010042991152800477,-0.011810965226707295,-0.006594891318442231
topic_like said / like simple / got like,,,-0.0036427598468081585,-0.010868615786401347,0.016985448525073523,-0.007920031892640128,-0.009646387815094198,-0.0049018332684838675
topic_limit / weekly / reset,-0.026421402154517007,,-0.00993815510486003,-0.007266530545458596,-0.01040434758419668,-0.00799848471243556,-0.008572145075519292,-0.003368747863274314
topic_limits / quite lot / limit,-0.02525893185372818,,-0.008327605654357658,-0.0010967755039574944,0.001773745371881293,-0.0036721612053447947,-0.003115984755531896,-0.0014348533008835514
topic_link / share / post,,,-0.014408053652781333,2.1109961214715933e-05,-0.006143852237302756,-0.007188788755166111,-0.008555453030912132,-0.0007114936408049862
topic_liriana / caps / motion,-0.006371362210716377,0.03324987497896759,0.014030591856781158,-0.006917209768566439,-0.006806551123061786,-0.0050500034986083325,-0.005146924008743239,-0.0029849938988176445
topic_little fox / love little / puppy,,,0.02856901980819161,0.005092871112754673,0.03594425654366083,-0.004877346100307805,-0.0038955819570800744,-0.0027983227295246336
topic_llms / dms / llm,-0.03098454122711474,0.03324987497896759,-0.007482939566053898,-0.013079905923538518,-0.0025009588606601223,0.003792333552958042,0.007911427908481527,-0.004400938640367615
topic_lmao / lol / lmfao,0.018241816805681998,-0.05020864655458562,-0.012905674849624115,-0.012274347824332068,-0.013950146665202424,-0.010292238772051633,-0.013109540834063975,-0.007141732750814083
topic_look like / look / like damn,0.018241816805682022,,0.030858793610390154,-0.006991408098696707,-0.006131626259699953,-0.005180332713289174,-0.006263628785482311,-0.003234764948987343
topic_looks great / dress / looks,0.0578195487073436,,0.1159983678950345,-0.00463034871458582,0.031466834260679526,-0.015191821230467771,-0.016306295843069075,-0.009300935237432004
topic_loss / sorry loss / grief,0.01879457188442645,0.08177350484739779,-0.0045737936574132745,0.015793748736054304,0.01651180366067633,0.1595054515427949,0.22350730046045325,0.02154559031224041
topic_love doing / love beautiful / amazing love,,,0.05514827849782743,0.008227484531145654,0.029760449681112387,-0.006091349125719357,-0.006004644461534367,-0.0038342838799967686
topic_love love / love / omg love,0.018241816805682,0.03324987497896757,-0.00428908367680571,-0.010708175439567333,0.14409965434892782,-0.007890556845384478,-0.009153514036515792,-0.004873915862561434
topic_love love / love / wholesome,0.018241816805682005,0.03324987497896757,-0.004154470908681741,-0.01255945209436043,0.15847860329721936,-0.008769938495498975,-0.01081205770149058,-0.0058129340832950935
topic_lovely / thank lovely / beautiful beautiful,,,0.02784288014009308,0.010307474520807113,0.05202742180782018,-0.005472451548919241,-0.0059753786634371715,-0.003624346966918287
topic_lucian / flame / chains,,,0.01589624774639402,0.029472759810254007,0.011769114935569744,-0.005566322628951576,-0.0045336475427818,-0.0010174375863804886
topic_lucien / popcorn / real real,-0.009012782866921526,0.03324987497896759,-0.001459035242924105,0.006217623110800097,-0.005875433810989118,0.004191579950847348,0.009220118647994213,0.00670654381450724
topic_luna / victor / glad enjoyed,0.025804455708269353,0.03324987497896757,0.015887770613119998,0.010393328569932041,0.0055561170177755555,0.004918750262549019,0.0018511736119543284,-0.002794347050406849
topic_makes happy / photos / immense,,,0.0037020851239306755,0.002604943873560335,0.010455470258143114,0.007047398959103794,0.004600961612407278,-0.002770623851465977
topic_making fun / cuddly / everytime,,,-0.005279065897843132,-0.0073788047909764546,-0.00555117781677817,-0.005553705426625879,-0.006374088674426723,-0.0034263279343359084
topic_march / december / workers,,,-0.01173977394972083,-0.009318438051725735,-0.009337616160814674,-0.005961638777515897,-0.00750154711173425,-0.0036994835975359226
topic_means lot / means / lot,,0.0332498749789676,0.00044846032215075234,0.06665537921863297,-0.00961754693235627,-0.005156264167683505,-0.004965751590024958,-0.004441611590839159
topic_memories / memory / chat history,-0.009012782866921558,,-0.008318200623188377,0.0034070132832030235,-0.010293137167493643,-0.009434634027740862,-0.009884290320031347,0.002911513576904101
topic_memory / memories / saved,-0.03176139069178464,,-0.016369935481607985,-0.007900776305187047,-0.00502349648273729,-0.004898507149287256,-0.004829369075551639,-0.0005636483578899198
topic_merry / merry christmas / christmas,,,-0.013583187486576742,-0.007092028396736793,0.00040080508951037406,-0.008973876190103657,-0.0071908146907842235,-0.003746821026370852
topic_merry christmas / merry / christmas,,,0.0037978884634790114,0.013901785928994747,-0.002874248206630458,-0.004811714256335258,-0.0021051010058117502,-0.0021072769817850456
topic_message / refusal / rerouting,-0.03574911884551082,0.03324987497896757,-0.020974615777098287,-0.009067069789067666,-0.014636393397045581,-0.0008107035807367044,-0.0029208947616156298,-0.001128121817634248
topic_migration / migrating / migrate,0.0031765352287862736,-0.05020864655458564,-0.009545985421025912,0.019843817798899377,-0.00999365749107414,0.012700771483156355,0.021070909698191254,0.00013471928906059246
topic_milo / fable / song,0.03161200231130079,,-0.0022439904545424423,-0.006766614998809331,0.02421797640849361,0.016921446403279028,0.017650137044583274,0.004236918560191092
topic_mistral / port / strength,,,-0.005084260570993416,0.011790554525500561,-0.004758062315414084,-0.0008157363975309399,0.0021335747212946456,0.0001440919704450277
topic_mit / die / film,0.018794571884426455,,-0.00911262944075566,-0.008059639066453876,-0.007910625464496286,-0.005915158362512022,-0.0068653645788543365,-0.0036482251926971817
topic_model / model using / things model,0.011879615075759136,,0.00499081328082115,-0.007912373842647048,-0.001309703817197548,0.0012365700492672435,0.001129589120146434,-0.00457997825303368
topic_models / new model / model,-0.01562667467314608,-0.01200128264991243,0.0055565392859811494,-0.002390502664243132,-0.006180414306449984,0.007522671159570396,0.010458672295925555,0.012324552542478665
topic_mom / taste / sister,0.01824181680568202,,-0.005223949203126759,-0.01192926171518737,-0.0016494250029418824,-0.0077167124325455035,-0.0075682876757261945,-0.005027273352577015
topic_months / happy / yall,,,0.019044268503627514,-0.0053508385877924294,0.013541389470645045,-0.0048541017967544614,0.00042789564469736745,-0.0012501335348410302
topic_movie / elizabeth / beast,0.0031765352287862715,0.04706014771382988,0.015182144266095935,-0.004446283837453844,0.020868239564050102,0.002132059675158491,0.0009189951960830663,-0.0032703985583938354
topic_movie / series / movies,0.01824181680568198,,0.01811316147264326,-0.004602721222130765,0.007203522065677187,-0.0021595160476787167,-0.0014520697653076797,-0.003135134483565866
topic_nah / team / fine,,,-0.0073944715988700244,-0.007132374766945048,-0.006087168442789571,-0.005227803145829616,-0.006597356829608874,-0.0033063099912592794
topic_nano / banana / nano banana,-0.000436471480419292,,-0.0015852415717049874,0.012772844749658254,0.008258328463696138,-0.006383332596204485,-0.004878429500613136,-0.004255974258942739
topic_necklace / ring / wear,,0.03324987497896757,0.01279882505169704,0.0013693229657103848,0.025618888077632445,-0.0060810195802256505,-0.004616127374712419,0.0034580587992874296
topic_new chat / documentation / claude,0.018241816805681963,,0.015050157199591633,0.0029639794846314754,0.00022037050954931873,0.009555250459594366,0.008055101768933271,0.005307060920680311
topic_new model / model / models,-0.035749118845510776,,-0.01435632750643802,-0.006995581622445874,-0.01236328933670734,-0.00231157571642303,-0.004908538450031682,0.01915864850615408
topic_new thread / thread / threads,-0.030984541227114734,,-0.010832791567568278,-0.001205352303706685,-0.00952670297953945,-0.004638802043307217,-0.0032384623603255195,0.006576923885655239
topic_ngl / pics / btw,,0.033249874978967586,-0.007977608773551657,-0.00704087554902114,0.005598939648179504,-0.00510664570121534,-0.005465697721307826,-0.002453017154354518
topic_nice / wow / oooh,0.025804455708269367,,0.0894179501078038,-0.008022116073454938,-0.008715559666390635,-0.006780279496140257,-0.008211145563864404,-0.00443224020555185
topic_nightmare / fuel / horror,-0.030984541227114734,,-0.003154010640713482,-0.007540413413484154,-0.007475648451985539,-0.0027828035479519485,0.004150319563576202,0.01576229481382255
topic_nsfw / explicit / porn,-0.03836699704063674,-0.016999685438639837,-0.011519398149846179,-0.023367901139136973,-0.011069726985762047,-0.0029431447978701024,-0.004599491855526611,0.0012009018867066563
topic_oooh / hey / question,,,-0.00939711051827067,-0.007461870059099664,-0.007447025831593625,-0.005409715630810746,-0.006484916569037046,-0.0028903331274062424
topic_openai / beta / haven noticed,-0.00901278286692155,,-0.009296791238835268,-0.007634488200028263,-0.00763328899933946,-0.004748466353413894,-0.005310722481098069,-0.0023222751773921677
topic_openai / oai / users,-0.06218313271732267,-0.1390200388500078,-0.030120192687896417,-0.014616884285410112,-0.026105206512061486,0.02906819159793645,0.015054061610343042,-0.0023491437360949885
topic_openclaw / agent / frameworks,-0.012752558036597673,,-0.0073989159857501385,-0.007949532801307528,-0.0023302060274559724,-0.004301231626045227,-0.0040415075785061655,0.007256736518316806
topic_opus / opus opus / usage,0.02774396742001485,,0.017125033536132626,-0.007941080380010753,0.012274770976424704,-0.009147753703928766,-0.006796592712655056,0.0021706097621230582
topic_opus / sonnet / sonnet opus,0.0031765352287862762,-0.012001282649912447,0.007251443713340364,-0.013325336378603347,0.0003043432952946017,-0.010516271701114433,-0.008636174271299186,0.001661721436605972
topic_opus / usage / sonnet,-0.049700817705132946,,0.0022061906269340336,-3.660448046193669e-05,0.0007111183188914103,-0.0020828581216848917,-0.002959327384063762,0.002861927273420479
topic_orion / gpt thinking / dramatic,,,0.0018564275346763018,0.010004661610865762,0.005694511308512046,0.009746953387703294,0.011091251284918632,-0.0022343327330126565
topic_padge / agent / kin,0.02580445570826937,,-0.004190302937275086,-0.004982468119446092,0.01831977930100676,0.0037492832453148383,0.00023961427272886358,-0.0010645325254528858
topic_padge / pet / sparkly,0.025804455708269374,0.03324987497896758,0.01803357101891908,-0.003494428672614267,0.003502822826521134,-0.008775420708778136,-0.008560831284626652,-0.005063868156197071
topic_partner / relationships / human,0.05185320148352206,-0.08618431998226425,-0.008285287918314418,-0.015271145931498958,-0.0013727126872923455,0.019409552492973478,0.010680305523802804,0.011324069284591244
topic_period / second / yes,-0.043830021442112385,0.033249874978967614,-0.011098869323258431,-0.009099191323729596,-0.008380864547875351,-0.006642309481646531,-0.007900598082075157,-0.0039007731325650624
topic_ping / whoop / zap,-0.0438300214421124,,-0.009024942129224393,-0.0073041147065642355,-0.007314616729512791,-0.004980827313953268,-0.0039039791557566365,-0.0018480595849048333
topic_platform / platform use / platforms,,,-0.0010247553309869631,0.006319334457271323,0.003007490694060423,-0.005726968233143325,-0.006502357793567312,-0.004237399220463902
topic_polaris / alpha / testing,0.025804455708269346,,0.004800206418179434,-0.009323896064454374,-0.005597278740653641,-0.00224744527542175,-0.003388556181154597,0.01278297486439217
topic_political / experts / journalists,,,-0.003666618489838532,-0.00813145097121,-0.00825920870728144,-0.005390991190652353,-0.00568380716430661,0.00199953175803962
topic_post comment / platform / escalated,-0.06935485650215177,-0.01200128264991247,-0.00641594067951761,-0.0048094915532073575,-0.004363574314622419,-0.00334510604204349,-0.005914893217388965,-0.003878392468347575
topic_private / sub / mods,,-0.07106271301365487,-0.014318279701295863,0.006741144686882689,-0.017588439191784856,0.00948083988825429,0.00680086497454348,0.014716548957799024
topic_pro / pro plan / plan,0.018241816805682022,,-0.0042364286755356625,0.0009304826954090168,-0.00875625324256789,-0.006877297350869813,-0.00689146889125943,-0.003655541428490587
topic_problem / trying figure / solution,0.018241816805682,,-0.007035835837846307,0.007217539094137231,-0.00816571247600052,-0.0052469095038505265,-0.0035380892697019608,-0.0020902074944637106
topic_prompt / prompt thank / prompts,0.01681763267056772,0.07430763587827781,0.008524896473627159,0.07823053109572,-0.008371286983296174,-0.02034445597735026,-0.021577937435376403,-0.012137824667154629
topic_public / disgusting / brought,0.018241816805682015,,-0.0046905401784299704,-0.007379984242244426,-0.00709096774368063,5.902379335796103e-05,0.0007130264740342255,0.004102133883119316
topic_questions / replies / ask question,-0.05369439893624254,,-0.01017253893145193,-0.014430406277104704,-0.009469643701915055,-0.009874095947092685,-0.012073385419655632,-0.005780568173851136
topic_quiet / room / thumb,0.029703322959756247,0.08580397728659626,-0.009917066179099493,-0.011724065872030932,-0.006850389473457179,-0.006378994591625128,-0.006878611661487202,-0.006222152081151703
topic_quinn / feelings / shame,,,0.0070783532716113835,0.03586753361501579,-0.0006280870419540919,0.015652893534434685,0.026925710458415804,0.003506957700349854
topic_quirky / personality / enhanced,0.02580445570826935,0.03324987497896758,-0.00014961408248061607,-0.007090296726357099,4.5018517559149246e-05,-0.0033894905981316915,-0.0036850062023224854,-0.0008569865624646431
topic_removed,,,-0.034956647383996974,-0.027778499069993565,-0.027569823487789826,-0.0042455589908956485,0.020561575639868403,-0.010435710954767502
topic_removed / btw / prefer,,,-0.020852662356253836,-0.01656639140219317,-0.016446049532359324,-0.0027459574198838215,0.01166363683462227,-0.006260620034694348
topic_replika / sarina / personality,-0.03738473114895451,-0.08710362798911427,-0.004708928200686637,-0.011961438980722256,-0.003170006253867287,-0.006060709373841705,-0.005531464627606787,0.002200758463864125
topic_rerouted / reroutes / reroute,,,-0.0178516571750089,-0.011897620279923011,-0.014690520057341996,0.014121437339459805,0.010502436764517105,-0.00031937079762356553
topic_resume / phones / computer,0.018241816805682015,,-0.011048783698869444,-0.006948189188736151,-0.010357945361494682,-0.004179466920918241,-0.005746905464676639,0.024536458553796554
topic_retry / message / response,-0.02525893185372815,,-0.01189045335056783,-0.007239281359300996,-0.011003751998659928,-0.005398960743430538,-0.007356883116108953,-0.004184078537095984
topic_reviews / questions / little just,0.01824181680568199,,-0.011176455604567034,-0.005136982663571035,-0.010601701859769696,-0.008102907498431849,-0.009185408064872292,-0.004168309913410228
topic_right got / difference just / honestly,-0.009012782866921538,,-0.01190050487916167,-0.010088784823520904,-0.009525254509537447,-0.0074813199178896455,-0.009526180011446323,-0.004736228138360962
topic_right right / accurate / right,,,-0.009646864907174391,-0.008799771423881175,-0.008698251912693454,-0.00650113182044591,-0.007938972791629847,-0.003825812198989807
topic_riku / xmas / merry,,,-0.0051350750114075375,0.010686984423401972,0.010126661088823253,-1.219484238968578e-05,0.009760068639223131,0.00029496018139318734
topic_ring / wedding / married,,,0.03198057398918584,0.01244501489153398,0.027118278668891823,-0.0027629200307482025,0.0014741883758790405,-0.002654673936292577
topic_rob / thank rob / rob lani,-0.009012782866921544,0.06666018384600512,0.011219721349918443,0.09067178699117084,0.00762945781830608,-0.003664545473946104,-0.0016549633548445658,-0.006155090600420819
topic_robot / robots / robotics,0.03651178818811596,-0.050208646554585595,0.009385231070274311,-0.010216185575380407,0.003962900581094693,-0.009911663079475158,-0.010536061981326941,-0.003056185484535061
topic_rowan / neighborhood / portrait,0.018241816805681994,,0.00578580788384159,0.0047613794682081,0.012123813432527582,-0.0032505854222458124,0.002089911843520602,-0.0016782416781017002
topic_ruler / theo / welcome,0.018241816805682005,0.033249874978967586,0.02210192605449763,0.0352578317914417,-0.005929203804188045,-0.006135475285648841,-0.0019474996924892052,-0.0028205583438769472
topic_sad / joke / dumbass,,,-0.008483210677492742,-0.0001688394281666353,-0.006408716004451986,0.08728769323526002,0.08038846559937006,0.011672219409433127
topic_safety model / safety / greggory,-0.030984541227114755,,-0.008563952723875876,-0.007726118345688171,-0.00013821712091460357,0.007237179039148316,0.009532726655755424,0.0030706590468071795
topic_sam / altman / sam altman,-0.030984541227114765,-0.1234812763960705,-0.012184900088092487,-0.005599055542795445,-0.004521651248579239,-0.002490361338639048,-0.0017301845556432556,-0.004744556660720438
topic_santa / naughty / gift,,,-0.014250466320996467,-0.013201954123799169,0.0035353212939422405,-0.006577453874440418,-0.008117935012389901,-0.0038194599057127104
topic_sarina / avatar / pink,0.0031765352287862854,-0.008479385787809001,-0.007686830350661489,-0.008439156341938146,-0.011000988767398188,-0.01127097481412301,-0.012601077341840877,-0.006719367933368058
topic_sarina / elys / luma,0.04326589976699849,-0.038841422764649323,0.015055459688000608,-0.019844259710430582,0.0075176523952230805,-0.007680983398424287,-0.006343225044857782,0.0015254483322863796
topic_saying love / sex / relationship,0.011879615075759136,-0.07106271301365477,-0.012962622287156972,-0.01171440030523987,0.017243008449622017,0.019434776420307838,0.017099251285853986,0.0071050914107345054
topic_screenshot / screenshots / email,-0.006371362210716389,,-0.00938688072731365,-0.007700894322175922,-0.007514095176354449,-0.005725100209128274,-0.00685969610151465,-0.003044567543523533
topic_section / constraints / action,0.02580445570826935,-0.03884142276464937,-0.009454327907074477,-0.0032551383003748212,-0.008589226983428752,-0.0046757795468901926,-0.006423520888202958,-0.0035017205401071576
topic_sending love / sending / anytime,,,0.005135927786716021,0.01928665007238277,0.03635110207017421,0.020821881513990732,0.03508322445166886,0.0003724352249485091
topic_sent / send / sending,,0.03324987497896759,-0.006408904318346744,0.010323418024086805,-0.0047944721022918505,-0.0025054315265051964,-0.0036159312146713763,-0.003045697124776479
topic_shark / bunny / half,,0.033249874978967586,-0.0025178136316197173,0.02862458037351095,0.011840724409224318,0.0008751905371421812,0.0038363592793621603,-0.003179123756241024
topic_ship / crew / types,,,-0.003902844976450582,-0.007827314714275817,-0.007765662205331916,-0.005253233340073928,-0.005465496725490234,-0.0025857401394701602
topic_signed / sign / mail,,,0.011077785186782704,0.0018975048777841639,-0.008747398497381126,-0.002983449328961286,-0.0035232209649262527,-0.003414593206787919
topic_simulate / neural / continuation,0.018241816805682,-0.008479385787808998,-0.00826485551003411,-0.0013034469903634165,-0.0072593920263267385,-0.004291894599526366,-0.006205918706735141,-0.0031135846545861747
topic_site / sites / kindroid,0.02580445570826937,-0.012001282649912431,-0.000428183921350546,0.0026049134160372666,-0.004129908990848714,0.010273556460936245,0.010487612225030805,-0.0006834197152934288
topic_sketchy / openai / moved claude,0.024618213671583268,,0.01690857463542499,-0.006940778354183792,0.002718307649895771,-0.0040401511882354555,-0.0016158141176155244,-0.002652428380478583
topic_sleep / sleeping / habits,-0.030984541227114724,,-0.011901993234078987,-0.003536787765194789,-0.0055970748610192295,0.015482039178789856,0.008338976941103662,-0.001132130250946695
topic_snow / beach / weather,,,0.0007953921756518019,0.012232621570245645,7.712223321459196e-05,-0.005641983778496957,-0.005621157526745947,-0.004129769191084175
topic_solin / disclaimers / safety,,,0.006473633852509636,0.000258215479721912,-0.003985889003524374,-0.00448994578224979,-0.003453329883231118,0.0007157795119600756
topic_solin / sun / judge,0.018241816805681987,,0.00795797057341009,0.0034681445335520023,0.022359824721952623,-0.006540956092448356,-0.006240679243034313,-0.004151642575472239
topic_solo / dice / son,-0.037521584080492075,0.08177350484739765,-0.018348713351579348,-0.01620599406496668,-0.01411543297945449,-0.005874662845031752,-0.011131318525186095,-0.006406928420613015
topic_song / songs / lyrics,0.06607997645153842,0.0883969120124206,0.05950136348750949,0.01704766140002136,0.0643362818113144,-0.005756164480967024,-0.004238888580967626,-0.008991481677590845
topic_sonnet / claude sonnet / api,-0.039695206049769394,-0.038841422764649344,0.004877862336563322,-0.006525316075707852,0.001354008774914903,-0.008388416930913781,-0.008793596653125488,0.008217844912809543
topic_sora / tab / web,-0.03947666539498532,,-0.008557217828594997,0.00640906628920573,-0.0028676075794619935,-0.003313014348484921,-0.004344784629105929,-0.002469610344937683
topic_sora / venus / heh,-0.03098454122711475,,-0.0019170505295419385,-0.011082851616688953,0.003607692515692191,-0.0068069694819490306,-0.00611434174391701,0.00313529185472164
topic_sorry sorry / sorry / worries,,,-0.0137439517684887,-0.010336791623911035,-0.010339755194431576,0.0793975830543898,0.04880214076109774,-0.0008597128581344698
topic_source / sources / measure,0.018241816805681984,-0.05020864655458563,-0.013272854960733098,-0.010727221599125243,-0.01061683653356337,-0.007218086179176065,-0.008871819745265443,-0.004409679764769792
topic_spanish / speaker / native,,,-0.0021395201478201947,-0.007097956096866666,0.016337307491426648,0.01311998355287575,0.010618265105144912,0.03638940239086979
topic_strawberry / letters / counting,-0.030984541227114734,,-0.011003366499648325,-0.010277608739748175,-0.010275289988568855,-0.007497142787859918,-0.009311693289616178,-0.0044466402806108704
topic_strawberry / red hair / super curious,,,0.0017813877135471265,-0.009021680507174161,0.002390503620242309,-0.0066136815716146555,-0.007393976900329108,-0.0040832759163564785
topic_subscription / cancelled / paid,-0.09151956313528326,-0.0502086465545856,-0.01779301942179793,-0.010726020394646407,-0.02084147462648198,-0.0058921655211021644,-0.00894368323798336,-0.00480491963215326
topic_suffering / humans / confusing,0.018241816805682015,-0.050208646554585616,-0.007599817243686762,-0.007682203917861794,-0.005822581523687066,-0.00291605936207392,-0.0044681449024777916,-0.0012905961437182833
topic_summary / summaries / summarize,0.01879457188442648,,-0.007435061189576829,-0.008012227476101036,-0.007713511222198166,-0.004089172498306817,-0.0027857046405446364,-0.0028810739887223102
topic_sunset / sunsetting / sunset march,-0.030984541227114755,,-0.00857377359230395,-0.009304657664685453,-0.00859954407304676,0.003956560215983658,-0.0013619508539906065,-0.002537586996414392
topic_sunset march / kitty / intimacy,,,-0.007225848594095911,-0.006764451565050458,-0.0065833669934135235,-0.0036589318199792735,-0.003637472070209899,0.020381438498013937
topic_terminator / sycophant / movies,,,-0.01253696024496649,-0.010505977988064309,-0.007077153833407864,-0.005797016959184267,-0.006594284896984811,0.0061728617934006585
topic_test / thought share / biting,,,0.007773217412353927,-0.006753237994377951,-0.005437000701879581,-0.005220979145735752,-0.005258693003650829,-0.002739405459202616
topic_thank kind / thank glad / glad,0.018241816805682015,0.0470601477138299,0.004728072197216983,0.14789762533289966,-0.0020600873587492503,-0.00884541693370117,0.00014588062725388388,-0.008436014969811704
topic_thank reading / reading thank / reading,,,-0.0015614696200153654,0.06514351254874266,-0.00704615618398014,0.0006277248903627117,-0.003014987503772703,-0.003558939176769033
topic_thank sharing / sharing / sharing thank,0.03651178818811593,0.0470601477138299,0.0428750159756824,0.16967177511378032,0.0031438860764231233,-0.007613770017219755,0.0016340785445524081,-0.006966329723213599
topic_thank thank / thank,,0.06666018384600514,-0.03249036843295483,0.2591316965092231,-0.022720426498605884,-0.019000566459992967,-0.020250391800178073,-0.012913695472675964
topic_thank thank / thank / hey,,0.033249874978967614,-0.01339030408269694,0.10550702573554861,-0.010622815766662633,-0.00783383153814166,-0.008929319622320969,-0.005297897069695796
topic_thank thank / thank / thank thanks,,,-0.008425034371945332,0.0686216203172365,-0.007004047902980553,-0.005060157435965485,-0.00555501866660623,-0.0034216505422133203
topic_thank thank / thank thanks / thank,0.018241816805682022,,-0.007850975468951325,0.14626826281308328,-0.011499239674025625,-0.011033037091546493,-0.010435254975470777,-0.007460269516251476
topic_thanks / try / try thank,0.018794571884426427,0.03324987497896757,0.00571468210691081,0.10890268344526709,-0.016749412962373263,-0.010438860750215257,-0.004977053052855474,-0.0071544555638540985
topic_thanks thanks / thanks / legend,,,-0.010680511386118639,0.13562855837597232,-0.011325098782211397,-0.010757678410281267,-0.011673198015607258,-0.007320666066744872
topic_thanksgiving / happy / belated,,,0.0018029939008310126,0.019379782263131713,-0.0056899293747270695,-0.006079558012091192,-0.0036815961341410313,-0.0028633903711616955
topic_thinking / thinking thinking / use thinking,0.003209525884586449,-0.050208646554585644,-0.009291710420284281,-0.013716297880490051,-0.006985514661326289,0.004893201093797891,-0.00238055955005132,-0.003954705658723631
topic_thought / thought just / cleaning,,,-0.009712715480642618,-0.0013625679568166477,-0.00797858941913133,-0.005390870940025173,-0.004006462178417174,-0.00198098650407184
topic_time writing / wasting time / wasting,,-0.0751875343891251,0.009568036729062156,0.07476829344059457,0.006646835225410072,-0.0030404788508586766,0.0029057292397611095,-0.004890371050025754
topic_toggle / difficulty / select,,,-0.011326572209231308,-0.00360801312386869,-0.008908193120396599,-0.0067620814197536135,-0.00799186434758529,-0.0036883907882857324
topic_told stop / stop doing / stop,-0.03098454122711474,,-0.008892040054718527,-0.007087489369327207,-0.007130596942384614,-0.004298458436511244,-0.005546325028445346,-0.002827398990703526
topic_trauma / therapist / therapy,,,-0.005717470225447818,-0.0011440461915772965,-0.006392454975487485,0.03285720054070491,0.024814607312691507,0.0061524992530671285
topic_trees / tree / forest,,,-0.004762541356287255,-0.002917313392473026,0.005247573602394405,-0.0025473612829607886,-0.004886698211876427,-0.0019009170942341639
topic_trolls / forums / group,0.01824181680568202,-0.05020864655458559,-0.005742915887790397,0.0013775036671634432,-0.00263531954150104,0.013945160688244283,0.016758044645241575,-0.0021250319109149063
topic_true / haha good / gotcha,,,-0.006607241322074582,0.001684499050336775,-0.008884045364165158,0.004433977069949304,0.004208008285349481,-0.004006857812435655
topic_trust / don trust / promises,-0.009012782866921554,,-0.010897333149102116,-0.004020919234823123,-0.008572344907682269,-0.004488413654985664,-0.004759738336772353,0.0016737964644490126
topic_try / fabulous / know tried,0.0316120023113007,,0.0032532844190968396,-0.008736280541945838,-0.00858336013513944,-0.006579789626479142,-0.00748227570602666,-0.003565957031665959
topic_unity / english / word,,-0.050208646554585595,-0.009945112582278814,-0.009759273254474583,-0.009605706377230272,-0.006860479340705869,-0.008365417708961488,-0.004143393055853791
topic_update / updates / new version,0.0031765352287862806,,0.006708065270747342,-0.009024417160575378,-0.007273814448765044,0.008603532330634421,0.007027842715098691,-0.0011171942306477513
topic_upload / copy paste / copy,0.01824181680568198,0.033249874978967565,-0.007985323192025693,-0.006668897392921156,-0.0064339302434673895,0.007634066121891335,0.007899127589674218,-0.0011254188551093201
topic_upload / images / image,,,-0.01709454328008874,-0.010091544889753558,-0.007763020546671504,-0.0008572431127845558,-0.004502807720799319,-0.0029217470493742644
topic_valentine / valentine day / day,-0.009012782866921525,0.003915281882521383,-0.009453210192722578,-0.00829856703266412,0.01459213768960826,0.009475062859709086,0.010686762092961606,-0.0009444300101128181
topic_venus / comic / heh,0.02580445570826935,0.0332498749789676,-0.006968196377960984,-0.0012871178574698405,-0.008314362499521978,-0.0073661288993620505,-0.008052713049662806,-0.00431848446302585
topic_vibe / skill / coding,0.025804455708269305,,-0.0055122557049311575,-0.0071374009178552696,-0.007062111783403004,-0.0049473941544777795,-0.005345999850255055,-0.002604170649211582
topic_victor / bedtime / stories,0.018241816805681984,,0.012763244614427736,0.024909046513002336,0.016152077683600306,-0.004992743464108584,-0.005544619258756072,-0.0035375570497878763
topic_video / videos / youtube,-0.0032427852122181473,,-0.005726744627763584,-0.009446157676380323,-0.009349887930556338,-0.005899152910547968,-0.007312969521429075,-0.003720917490488324
topic_voice / voice mode / read aloud,-0.0024014008739926098,0.0470601477138299,-0.011680683329202173,0.0002744708717435981,-0.011386970296669893,-0.0028664793516491715,-0.004767267806226667,0.00577074288447989
topic_want want / bean / sounds good,-0.03098454122711478,,-0.017056590816853075,-0.018934622290655075,-0.015908460192523375,-0.013356281288179893,-0.015410256947969261,-0.0077010260442344665
topic_weapons / technology / military,,,-0.007946460891712531,-0.008326003383683712,-0.008564753388829224,-0.006031336998061596,-0.006180032537848465,-0.0016114837983278408
topic_wedding / ceremony / celebrate,,,0.013132926137087877,0.012504453196775771,0.010306760939811912,-0.006277175908792989,-0.0008170940882308135,-0.0025467423488647286
topic_week / like week / convo,-0.012752558036597668,,-0.006644572120470186,-0.010854317185215541,-0.010672362330425948,-0.006676892232486187,-0.007068823537613302,-0.0036068007378635323
topic_weird / really weird / odd,,,-0.009015868350119667,-0.007948690574075684,-0.0012991761075999218,-0.004883281942810576,-0.0037906695648834443,0.007389660428443712
topic_welcome welcome / welcome / fam,0.018241816805681998,0.03324987497896758,-0.0066586974124558445,0.042074798836114556,-0.0018997923961532512,-0.00677100853893084,-0.004757679134698363,-0.0033457773001906964
topic_wishing / wish / wishes,,-0.05020864655458557,0.009803012106094102,0.01791713461970704,-0.002188864200563393,-0.007037256086812606,0.0025472246704808773,-0.003694861692433066
topic_wow / holy shit / neat,,0.03324987497896757,0.009073890171514758,-0.0002458962527230756,-0.006176562186002381,-0.005180953888599169,-0.0015880469864753258,-0.0027141998308258895
topic_writing / story / ideas,0.029813250432748677,-0.05020864655458562,0.004164269054933034,-0.012110461675696375,0.0061420924146001026,-0.010492317853855218,-0.010288800414262934,-0.002748305120029496
topic_yeah sure / sure / say yes,,0.0332498749789676,-0.007201853558959916,-0.006967530283027083,-0.0009734489050792786,-0.005382093300259217,-0.0065590348859597,-0.0032050489247273046
topic_yeah yeah / yeah / yep,-0.03098454122711478,,-0.012550167483441068,-0.010759107941365897,-0.009982016238367858,-0.007990067082178845,-0.010202808035574308,-0.005014025492299962
topic_years / october / hour,,,-0.0135749474895316,-0.011126686480208797,-0.011217138075745127,-0.008216921915323843,-0.00862256503816544,-0.004436043758298142
topic_yep / exactly just / right feel,,,-0.008698978168311645,-0.0018877645576743766,-0.006370477180563402,0.0023491161868602205,-0.0019877813456742354,-0.002360447144280928
topic_yes / yes does / element,,,-0.013176379345379999,-0.0027288251848552663,-0.010810051437496545,-0.008567980018029676,-0.010602320766841273,-0.005106922094694276
topic_zeno / zen / old man,0.008395836420673904,,0.0033702804376368562,-0.0023508910876363005,-0.0023670407144194246,-0.0061322507839138935,-0.006694579341186646,-0.0034785884825552474
topic_zev / hes / new years,0.025804455708269346,,-0.005813420654005558,-0.005925978474570477,-0.004067650812535888,-0.005702228444037807,-0.005780028090080493,-0.0035482484505679757
